#
# There is insufficient memory for the Java Runtime Environment to continue.
# Native memory allocation (mmap) failed to map 327155712 bytes. Error detail: G1 virtual space
# Possible reasons:
#   The system is out of physical RAM or swap space
#   This process is running with CompressedOops enabled, and the Java Heap may be blocking the growth of the native heap
# Possible solutions:
#   Reduce memory load on the system
#   Increase physical memory or swap space
#   Check if swap backing store is full
#   Decrease Java heap size (-Xmx/-Xms)
#   Decrease number of Java threads
#   Decrease Java thread stack sizes (-Xss)
#   Set larger code cache with -XX:ReservedCodeCacheSize=
#   JVM is running with Zero Based Compressed Oops mode in which the Java heap is
#     placed in the first 32GB address space. The Java Heap base address is the
#     maximum limit for the native heap growth. Please use -XX:HeapBaseMinAddress
#     to set the Java Heap base and to place the Java Heap above 32GB virtual address.
# This output file may be truncated or incomplete.
#
#  Out of Memory Error (os_windows.cpp:3714), pid=27504, tid=9680
#
# JRE version: OpenJDK Runtime Environment Corretto-21.0.11.10.1 (21.0.11+10) (build 21.0.11+10-LTS)
# Java VM: OpenJDK 64-Bit Server VM Corretto-21.0.11.10.1 (21.0.11+10-LTS, mixed mode, sharing, tiered, compressed oops, compressed class ptrs, g1 gc, windows-amd64)
# No core dump will be written. Minidumps are not enabled by default on client versions of Windows
#

---------------  S U M M A R Y ------------

Command Line: --add-opens=java.base/java.lang=ALL-UNNAMED --add-opens=java.base/java.lang.invoke=ALL-UNNAMED --add-opens=java.base/java.util=ALL-UNNAMED --add-opens=java.prefs/java.util.prefs=ALL-UNNAMED --add-exports=jdk.compiler/com.sun.tools.javac.api=ALL-UNNAMED --add-exports=jdk.compiler/com.sun.tools.javac.util=ALL-UNNAMED --add-opens=java.base/java.util=ALL-UNNAMED --add-opens=java.prefs/java.util.prefs=ALL-UNNAMED --add-opens=java.base/java.nio.charset=ALL-UNNAMED --add-opens=java.base/java.net=ALL-UNNAMED --add-opens=java.base/java.util.concurrent=ALL-UNNAMED --add-opens=java.base/java.util.concurrent.atomic=ALL-UNNAMED --add-opens=java.xml/javax.xml.namespace=ALL-UNNAMED --add-opens=java.base/java.time=ALL-UNNAMED -Xmx4096M -Dfile.encoding=UTF-8 -Duser.country=IN -Duser.language=en -Duser.variant -javaagent:S:\Dependency\.gradle\wrapper\dists\gradle-9.1.0-bin\9agqghryom9wkf8r80qlhnts3\gradle-9.1.0\lib\agents\gradle-instrumentation-agent-9.1.0.jar org.gradle.launcher.daemon.bootstrap.GradleDaemon 9.1.0

Host: Intel(R) Core(TM) i5-10300H CPU @ 2.50GHz, 8 cores, 23G,  Windows 11 , 64 bit Build 26100 (10.0.26100.8875)
Time: Sat Aug  1 22:48:25 2026 India Standard Time elapsed time: 157.706000 seconds (0d 0h 2m 37s)

---------------  T H R E A D  ---------------

Current thread (0x00000226f7265880):  VMThread "VM Thread"          [id=9680, stack(0x000000df60100000,0x000000df60200000) (1024K)]

Stack: [0x000000df60100000,0x000000df60200000]
Native frames: (J=compiled Java code, j=interpreted, Vv=VM code, C=native code)
V  [jvm.dll+0x6df899]
V  [jvm.dll+0x8bc52b]
V  [jvm.dll+0x8beaba]
V  [jvm.dll+0x8bf193]
V  [jvm.dll+0x28aa16]
V  [jvm.dll+0x6dc1f5]
V  [jvm.dll+0x6d003a]
V  [jvm.dll+0x3650fe]
V  [jvm.dll+0x36cfcb]
V  [jvm.dll+0x3bea89]
V  [jvm.dll+0x3bed2b]
V  [jvm.dll+0x3392c7]
V  [jvm.dll+0x33bad6]
V  [jvm.dll+0x345ebf]
V  [jvm.dll+0x37b8ef]
V  [jvm.dll+0x8c4eef]
V  [jvm.dll+0x8c63d3]
V  [jvm.dll+0x8c6944]
V  [jvm.dll+0x8c6a43]
V  [jvm.dll+0x8672bd]
V  [jvm.dll+0x6de09d]
C  [ucrtbase.dll+0x2cd30]
C  [KERNEL32.DLL+0x2e957]
C  [ntdll.dll+0xaad6c]

VM_Operation (0x000000df5fcff3b0): G1PauseRemark, mode: safepoint, requested by thread 0x00000226d7e1cfc0


---------------  P R O C E S S  ---------------

Threads class SMR info:
_java_thread_list=0x00000226d2285bf0, length=187, elements={
0x00000226d7da2720, 0x00000226f727e920, 0x00000226f72891c0, 0x00000226f728af30,
0x00000226f728be20, 0x00000226f728f5b0, 0x00000226f7291b80, 0x00000226f729f7b0,
0x00000226f72a34c0, 0x00000226f741f6d0, 0x00000226f75722e0, 0x00000226fcae4a40,
0x00000226fcb8bba0, 0x00000226fc4e4010, 0x00000226fc872f90, 0x00000226fd65d000,
0x00000226fd721270, 0x00000226fd5e3ef0, 0x00000226fd5e4580, 0x00000226fd5e3860,
0x00000226fd5e5930, 0x00000226fd5e24b0, 0x00000226fd5e4c10, 0x00000226fd5e52a0,
0x00000226c2e4f430, 0x00000226c2e50150, 0x00000226c2e4e710, 0x00000226c2e4fac0,
0x00000226c2e4d360, 0x00000226c2e4e080, 0x00000226c2e50e70, 0x00000226c2e51500,
0x00000226c2e51b90, 0x00000226c2e52220, 0x00000226c2e542f0, 0x00000226c2e52f40,
0x00000226c2e528b0, 0x00000226c2e54980, 0x00000226c2e53c60, 0x00000226c2d51980,
0x00000226c2d4ff40, 0x00000226c2d52010, 0x00000226c2d533c0, 0x00000226c2d512f0,
0x00000226c2d53a50, 0x00000226c2d505d0, 0x00000226c2d52d30, 0x00000226c2d50c60,
0x00000226c2d55b20, 0x00000226c2d540e0, 0x00000226c2d526a0, 0x00000226c2d54770,
0x00000226c2d561b0, 0x00000226c2d54e00, 0x00000226c2d55490, 0x00000226c2d56840,
0x00000226c2d56ed0, 0x00000226c2d57560, 0x00000226c2b57080, 0x00000226c2b569f0,
0x00000226c2b53c00, 0x00000226c2b54290, 0x00000226c2b54920, 0x00000226c2b57da0,
0x00000226c2b58430, 0x00000226c2b55640, 0x00000226c2b59150, 0x00000226c2b55cd0,
0x00000226c2b56360, 0x00000226c2b597e0, 0x00000226c2b59e70, 0x00000226c2b5a500,
0x00000226c2b5ab90, 0x00000226c2b5b220, 0x00000226c144d090, 0x00000226c144ca00,
0x00000226c144ddb0, 0x00000226c144e440, 0x00000226c144bce0, 0x00000226c144afc0,
0x00000226c144c370, 0x00000226c144b650, 0x00000226c1451f50, 0x00000226c14518c0,
0x00000226c144fe80, 0x00000226c144f160, 0x00000226c1889c70, 0x00000226c188a300,
0x00000226c188c3d0, 0x00000226c1450ba0, 0x00000226c495c3f0, 0x00000226fc92c3c0,
0x00000226fc92f840, 0x00000226fc92fed0, 0x00000226fc92f1b0, 0x00000226fc92ca50,
0x00000226fc930560, 0x00000226fc92d770, 0x00000226fc92e490, 0x00000226fc92d0e0,
0x00000226fc92eb20, 0x00000226fc930bf0, 0x00000226fc931280, 0x00000226fc92de00,
0x00000226fc931fa0, 0x00000226fc931910, 0x00000226fc935ab0, 0x00000226fc9339e0,
0x00000226fc932630, 0x00000226fc932cc0, 0x00000226fc936140, 0x00000226fc9367d0,
0x00000226fc933350, 0x00000226fc9374f0, 0x00000226fc934070, 0x00000226fc934700,
0x00000226fc934d90, 0x00000226f7868480, 0x00000226f7868b10, 0x00000226f7867760,
0x00000226f786bf90, 0x00000226f786d9d0, 0x00000226f786b270, 0x00000227138a8160,
0x00000227138aa230, 0x00000227138a87f0, 0x00000227138a6720, 0x00000227138a6db0,
0x00000227138aa8c0, 0x00000227138aaf50, 0x00000227138ac300, 0x00000227138ab5e0,
0x00000227138abc70, 0x00000227138ac990, 0x00000227117f37e0, 0x0000022711e23a40,
0x0000022712b1fda0, 0x00000227117f3e70, 0x0000022711e71f50, 0x0000022711e24760,
0x0000022715432e80, 0x0000022711e725e0, 0x0000022713d64ec0, 0x00000226d276a6c0,
0x00000226d276ad50, 0x0000022712c38750, 0x00000226d21c9330, 0x00000226d27685f0,
0x00000226d27678d0, 0x00000226d2767f60, 0x00000227115c2400, 0x00000227115c44d0,
0x000002271200b560, 0x000002271200bbf0, 0x000002271200c910, 0x000002271200aed0,
0x00000226d21cad70, 0x00000226d21ca6e0, 0x00000226d2d136c0, 0x00000226d1f96100,
0x00000226d1f953e0, 0x00000226d1f94030, 0x0000022712c39470, 0x0000022713d14840,
0x0000022714a5ece0, 0x00000226d2768c80, 0x000002271200d630, 0x0000022713d15bf0,
0x0000022714c087c0, 0x0000022713d66900, 0x0000022713d65550, 0x0000022714d54d50,
0x0000022712c39b00, 0x00000227117f86a0, 0x0000022714d553e0, 0x000002271494d390,
0x00000227117f72f0, 0x00000227117f93c0, 0x000002271494c670, 0x000002270477ec40,
0x000002270477fff0, 0x0000022704780680, 0x0000022712102480, 0x00000227117fa770,
0x00000227115c16e0, 0x00000226d206bb70, 0x00000226d20684f0
}

Java Threads: ( => current thread )
  0x00000226d7da2720 JavaThread "main"                              [_thread_blocked, id=4104, stack(0x000000df5fa00000,0x000000df5fb00000) (1024K)]
  0x00000226f727e920 JavaThread "Reference Handler"          daemon [_thread_blocked, id=19464, stack(0x000000df60200000,0x000000df60300000) (1024K)]
  0x00000226f72891c0 JavaThread "Finalizer"                  daemon [_thread_blocked, id=14256, stack(0x000000df60300000,0x000000df60400000) (1024K)]
  0x00000226f728af30 JavaThread "Signal Dispatcher"          daemon [_thread_blocked, id=11684, stack(0x000000df60400000,0x000000df60500000) (1024K)]
  0x00000226f728be20 JavaThread "Attach Listener"            daemon [_thread_blocked, id=28524, stack(0x000000df60500000,0x000000df60600000) (1024K)]
  0x00000226f728f5b0 JavaThread "Service Thread"             daemon [_thread_blocked, id=27712, stack(0x000000df60600000,0x000000df60700000) (1024K)]
  0x00000226f7291b80 JavaThread "Monitor Deflation Thread"   daemon [_thread_blocked, id=24056, stack(0x000000df60700000,0x000000df60800000) (1024K)]
  0x00000226f729f7b0 JavaThread "C2 CompilerThread0"         daemon [_thread_blocked, id=6024, stack(0x000000df60800000,0x000000df60900000) (1024K)]
  0x00000226f72a34c0 JavaThread "C1 CompilerThread0"         daemon [_thread_blocked, id=26644, stack(0x000000df60900000,0x000000df60a00000) (1024K)]
  0x00000226f741f6d0 JavaThread "Common-Cleaner"             daemon [_thread_blocked, id=10132, stack(0x000000df60a00000,0x000000df60b00000) (1024K)]
  0x00000226f75722e0 JavaThread "Notification Thread"        daemon [_thread_blocked, id=2592, stack(0x000000df60b00000,0x000000df60c00000) (1024K)]
  0x00000226fcae4a40 JavaThread "Daemon health stats"               [_thread_blocked, id=1784, stack(0x000000df61500000,0x000000df61600000) (1024K)]
  0x00000226fcb8bba0 JavaThread "Incoming local TCP Connector on port 65083"        [_thread_in_native, id=28204, stack(0x000000df61600000,0x000000df61700000) (1024K)]
  0x00000226fc4e4010 JavaThread "Daemon periodic checks"            [_thread_blocked, id=22344, stack(0x000000df61700000,0x000000df61800000) (1024K)]
  0x00000226fc872f90 JavaThread "Daemon"                            [_thread_blocked, id=7248, stack(0x000000df61800000,0x000000df61900000) (1024K)]
  0x00000226fd65d000 JavaThread "Handler for socket connection from /127.0.0.1:65083 to /127.0.0.1:65084"        [_thread_in_native, id=28664, stack(0x000000df61900000,0x000000df61a00000) (1024K)]
  0x00000226fd721270 JavaThread "Cancel handler"                    [_thread_blocked, id=1812, stack(0x000000df61a00000,0x000000df61b00000) (1024K)]
  0x00000226fd5e3ef0 JavaThread "Daemon worker"                     [_thread_blocked, id=28168, stack(0x000000df61b00000,0x000000df61c00000) (1024K)]
  0x00000226fd5e4580 JavaThread "Asynchronous log dispatcher for DefaultDaemonConnection: socket connection from /127.0.0.1:65083 to /127.0.0.1:65084"        [_thread_blocked, id=10788, stack(0x000000df61c00000,0x000000df61d00000) (1024K)]
  0x00000226fd5e3860 JavaThread "Stdin handler"                     [_thread_blocked, id=25764, stack(0x000000df61d00000,0x000000df61e00000) (1024K)]
  0x00000226fd5e5930 JavaThread "Daemon client event forwarder"        [_thread_blocked, id=2748, stack(0x000000df61e00000,0x000000df61f00000) (1024K)]
  0x00000226fd5e24b0 JavaThread "Cache worker for journal cache (S:\Dependency\.gradle\caches\journal-1)"        [_thread_blocked, id=7888, stack(0x000000df61f00000,0x000000df62000000) (1024K)]
  0x00000226fd5e4c10 JavaThread "File lock request listener"        [_thread_in_native, id=26108, stack(0x000000df62000000,0x000000df62100000) (1024K)]
  0x00000226fd5e52a0 JavaThread "Cache worker for file hash cache (S:\Dependency\.gradle\caches\9.1.0\fileHashes)"        [_thread_blocked, id=17436, stack(0x000000df62100000,0x000000df62200000) (1024K)]
  0x00000226c2e4f430 JavaThread "Cache worker for file hash cache (S:\Web Projects\Synapse\.gradle\9.1.0\fileHashes)"        [_thread_blocked, id=27152, stack(0x000000df62300000,0x000000df62400000) (1024K)]
  0x00000226c2e50150 JavaThread "Cache worker for checksums cache (S:\Web Projects\Synapse\.gradle\9.1.0\checksums)"        [_thread_blocked, id=12456, stack(0x000000df62400000,0x000000df62500000) (1024K)]
  0x00000226c2e4e710 JavaThread "Cache worker for Build Output Cleanup Cache (S:\Web Projects\Synapse\.gradle\buildOutputCleanup)"        [_thread_blocked, id=3008, stack(0x000000df62500000,0x000000df62600000) (1024K)]
  0x00000226c2e4fac0 JavaThread "Cache worker for file content cache (S:\Dependency\.gradle\caches\9.1.0\fileContent)"        [_thread_blocked, id=22472, stack(0x000000df62600000,0x000000df62700000) (1024K)]
  0x00000226c2e4d360 JavaThread "File watcher server"        daemon [_thread_blocked, id=24556, stack(0x000000df62700000,0x000000df62800000) (1024K)]
  0x00000226c2e4e080 JavaThread "File watcher consumer"      daemon [_thread_blocked, id=12772, stack(0x000000df62800000,0x000000df62900000) (1024K)]
  0x00000226c2e50e70 JavaThread "Cache worker for cache directory md-supplier (S:\Dependency\.gradle\caches\9.1.0\md-supplier)"        [_thread_blocked, id=16464, stack(0x000000df62900000,0x000000df62a00000) (1024K)]
  0x00000226c2e51500 JavaThread "Cache worker for cache directory md-rule (S:\Dependency\.gradle\caches\9.1.0\md-rule)"        [_thread_blocked, id=22216, stack(0x000000df62a00000,0x000000df62b00000) (1024K)]
  0x00000226c2e51b90 JavaThread "jar transforms"                    [_thread_blocked, id=20988, stack(0x000000df62b00000,0x000000df62c00000) (1024K)]
  0x00000226c2e52220 JavaThread "jar transforms Thread 2"           [_thread_blocked, id=13432, stack(0x000000df62c00000,0x000000df62d00000) (1024K)]
  0x00000226c2e542f0 JavaThread "jar transforms Thread 3"           [_thread_blocked, id=16056, stack(0x000000df62d00000,0x000000df62e00000) (1024K)]
  0x00000226c2e52f40 JavaThread "Unconstrained build operations"        [_thread_blocked, id=6088, stack(0x000000df62e00000,0x000000df62f00000) (1024K)]
  0x00000226c2e528b0 JavaThread "Unconstrained build operations Thread 2"        [_thread_blocked, id=27860, stack(0x000000df62f00000,0x000000df63000000) (1024K)]
  0x00000226c2e54980 JavaThread "Unconstrained build operations Thread 3"        [_thread_blocked, id=19668, stack(0x000000df63000000,0x000000df63100000) (1024K)]
  0x00000226c2e53c60 JavaThread "Unconstrained build operations Thread 4"        [_thread_blocked, id=15940, stack(0x000000df63100000,0x000000df63200000) (1024K)]
  0x00000226c2d51980 JavaThread "Unconstrained build operations Thread 5"        [_thread_blocked, id=20072, stack(0x000000df63200000,0x000000df63300000) (1024K)]
  0x00000226c2d4ff40 JavaThread "Unconstrained build operations Thread 6"        [_thread_blocked, id=14532, stack(0x000000df63300000,0x000000df63400000) (1024K)]
  0x00000226c2d52010 JavaThread "Unconstrained build operations Thread 7"        [_thread_blocked, id=16872, stack(0x000000df63400000,0x000000df63500000) (1024K)]
  0x00000226c2d533c0 JavaThread "Unconstrained build operations Thread 8"        [_thread_blocked, id=22896, stack(0x000000df63500000,0x000000df63600000) (1024K)]
  0x00000226c2d512f0 JavaThread "Unconstrained build operations Thread 9"        [_thread_blocked, id=21212, stack(0x000000df63600000,0x000000df63700000) (1024K)]
  0x00000226c2d53a50 JavaThread "Unconstrained build operations Thread 10"        [_thread_blocked, id=14848, stack(0x000000df63700000,0x000000df63800000) (1024K)]
  0x00000226c2d505d0 JavaThread "Unconstrained build operations Thread 11"        [_thread_blocked, id=12704, stack(0x000000df63800000,0x000000df63900000) (1024K)]
  0x00000226c2d52d30 JavaThread "Unconstrained build operations Thread 12"        [_thread_blocked, id=3176, stack(0x000000df63900000,0x000000df63a00000) (1024K)]
  0x00000226c2d50c60 JavaThread "Unconstrained build operations Thread 13"        [_thread_blocked, id=25724, stack(0x000000df63a00000,0x000000df63b00000) (1024K)]
  0x00000226c2d55b20 JavaThread "Unconstrained build operations Thread 14"        [_thread_blocked, id=25144, stack(0x000000df63b00000,0x000000df63c00000) (1024K)]
  0x00000226c2d540e0 JavaThread "jar transforms Thread 4"           [_thread_blocked, id=19800, stack(0x000000df63c00000,0x000000df63d00000) (1024K)]
  0x00000226c2d526a0 JavaThread "jar transforms Thread 5"           [_thread_blocked, id=6788, stack(0x000000df60c00000,0x000000df60d00000) (1024K)]
  0x00000226c2d54770 JavaThread "Unconstrained build operations Thread 15"        [_thread_blocked, id=7668, stack(0x000000df63d00000,0x000000df63e00000) (1024K)]
  0x00000226c2d561b0 JavaThread "Unconstrained build operations Thread 16"        [_thread_blocked, id=8884, stack(0x000000df63e00000,0x000000df63f00000) (1024K)]
  0x00000226c2d54e00 JavaThread "Unconstrained build operations Thread 17"        [_thread_blocked, id=27856, stack(0x000000df63f00000,0x000000df64000000) (1024K)]
  0x00000226c2d55490 JavaThread "Unconstrained build operations Thread 18"        [_thread_blocked, id=15916, stack(0x000000df64000000,0x000000df64100000) (1024K)]
  0x00000226c2d56840 JavaThread "Unconstrained build operations Thread 19"        [_thread_blocked, id=27076, stack(0x000000df64100000,0x000000df64200000) (1024K)]
  0x00000226c2d56ed0 JavaThread "Unconstrained build operations Thread 20"        [_thread_blocked, id=27936, stack(0x000000df64200000,0x000000df64300000) (1024K)]
  0x00000226c2d57560 JavaThread "Unconstrained build operations Thread 21"        [_thread_blocked, id=27188, stack(0x000000df64300000,0x000000df64400000) (1024K)]
  0x00000226c2b57080 JavaThread "jar transforms Thread 6"           [_thread_blocked, id=11420, stack(0x000000df64400000,0x000000df64500000) (1024K)]
  0x00000226c2b569f0 JavaThread "jar transforms Thread 7"           [_thread_blocked, id=6328, stack(0x000000df64500000,0x000000df64600000) (1024K)]
  0x00000226c2b53c00 JavaThread "jar transforms Thread 8"           [_thread_blocked, id=14560, stack(0x000000df64600000,0x000000df64700000) (1024K)]
  0x00000226c2b54290 JavaThread "Unconstrained build operations Thread 22"        [_thread_blocked, id=4180, stack(0x000000df61400000,0x000000df61500000) (1024K)]
  0x00000226c2b54920 JavaThread "Unconstrained build operations Thread 23"        [_thread_blocked, id=21240, stack(0x000000df64700000,0x000000df64800000) (1024K)]
  0x00000226c2b57da0 JavaThread "Unconstrained build operations Thread 24"        [_thread_blocked, id=4144, stack(0x000000df64900000,0x000000df64a00000) (1024K)]
  0x00000226c2b58430 JavaThread "Configuration cache report writer"        [_thread_blocked, id=22756, stack(0x000000df64b00000,0x000000df64c00000) (1024K)]
  0x00000226c2b55640 JavaThread "Unconstrained build operations Thread 25"        [_thread_blocked, id=25684, stack(0x000000df64a00000,0x000000df64b00000) (1024K)]
  0x00000226c2b59150 JavaThread "Unconstrained build operations Thread 26"        [_thread_blocked, id=24744, stack(0x000000df64c00000,0x000000df64d00000) (1024K)]
  0x00000226c2b55cd0 JavaThread "Unconstrained build operations Thread 27"        [_thread_blocked, id=8560, stack(0x000000df64d00000,0x000000df64e00000) (1024K)]
  0x00000226c2b56360 JavaThread "Unconstrained build operations Thread 28"        [_thread_blocked, id=8136, stack(0x000000df64e00000,0x000000df64f00000) (1024K)]
  0x00000226c2b597e0 JavaThread "Unconstrained build operations Thread 29"        [_thread_blocked, id=6384, stack(0x000000df64f00000,0x000000df65000000) (1024K)]
  0x00000226c2b59e70 JavaThread "Unconstrained build operations Thread 30"        [_thread_blocked, id=4448, stack(0x000000df65000000,0x000000df65100000) (1024K)]
  0x00000226c2b5a500 JavaThread "Unconstrained build operations Thread 31"        [_thread_blocked, id=5492, stack(0x000000df65100000,0x000000df65200000) (1024K)]
  0x00000226c2b5ab90 JavaThread "Unconstrained build operations Thread 32"        [_thread_blocked, id=13536, stack(0x000000df65200000,0x000000df65300000) (1024K)]
  0x00000226c2b5b220 JavaThread "Unconstrained build operations Thread 33"        [_thread_blocked, id=28264, stack(0x000000df65300000,0x000000df65400000) (1024K)]
  0x00000226c144d090 JavaThread "Unconstrained build operations Thread 34"        [_thread_blocked, id=26316, stack(0x000000df65400000,0x000000df65500000) (1024K)]
  0x00000226c144ca00 JavaThread "Unconstrained build operations Thread 35"        [_thread_blocked, id=11704, stack(0x000000df65500000,0x000000df65600000) (1024K)]
  0x00000226c144ddb0 JavaThread "Unconstrained build operations Thread 36"        [_thread_blocked, id=20360, stack(0x000000df65600000,0x000000df65700000) (1024K)]
  0x00000226c144e440 JavaThread "Unconstrained build operations Thread 37"        [_thread_blocked, id=19328, stack(0x000000df65700000,0x000000df65800000) (1024K)]
  0x00000226c144bce0 JavaThread "Unconstrained build operations Thread 38"        [_thread_blocked, id=20696, stack(0x000000df65800000,0x000000df65900000) (1024K)]
  0x00000226c144afc0 JavaThread "Unconstrained build operations Thread 39"        [_thread_blocked, id=12096, stack(0x000000df65a00000,0x000000df65b00000) (1024K)]
  0x00000226c144c370 JavaThread "Unconstrained build operations Thread 40"        [_thread_blocked, id=17684, stack(0x000000df65b00000,0x000000df65c00000) (1024K)]
  0x00000226c144b650 JavaThread "Unconstrained build operations Thread 41"        [_thread_blocked, id=12720, stack(0x000000df65c00000,0x000000df65d00000) (1024K)]
  0x00000226c1451f50 JavaThread "Unconstrained build operations Thread 42"        [_thread_blocked, id=25620, stack(0x000000df65d00000,0x000000df65e00000) (1024K)]
  0x00000226c14518c0 JavaThread "Unconstrained build operations Thread 43"        [_thread_blocked, id=16560, stack(0x000000df65e00000,0x000000df65f00000) (1024K)]
  0x00000226c144fe80 JavaThread "Unconstrained build operations Thread 44"        [_thread_blocked, id=25036, stack(0x000000df65f00000,0x000000df66000000) (1024K)]
  0x00000226c144f160 JavaThread "Unconstrained build operations Thread 45"        [_thread_blocked, id=26272, stack(0x000000df66000000,0x000000df66100000) (1024K)]
  0x00000226c1889c70 JavaThread "build event listener"              [_thread_blocked, id=15184, stack(0x000000df66200000,0x000000df66300000) (1024K)]
  0x00000226c188a300 JavaThread "build event listener"              [_thread_blocked, id=18068, stack(0x000000df66300000,0x000000df66400000) (1024K)]
  0x00000226c188c3d0 JavaThread "Memory manager"                    [_thread_blocked, id=17256, stack(0x000000df66100000,0x000000df66200000) (1024K)]
  0x00000226c1450ba0 JavaThread "build event listener"              [_thread_blocked, id=16388, stack(0x000000df66400000,0x000000df66500000) (1024K)]
  0x00000226c495c3f0 JavaThread "Problems report writer"            [_thread_blocked, id=26088, stack(0x000000df66500000,0x000000df66600000) (1024K)]
  0x00000226fc92c3c0 JavaThread "Build operations"                  [_thread_blocked, id=14692, stack(0x000000df66900000,0x000000df66a00000) (1024K)]
  0x00000226fc92f840 JavaThread "Unconstrained build operations Thread 46"        [_thread_blocked, id=27356, stack(0x000000df66600000,0x000000df66700000) (1024K)]
  0x00000226fc92fed0 JavaThread "Unconstrained build operations Thread 47"        [_thread_blocked, id=22244, stack(0x000000df66a00000,0x000000df66b00000) (1024K)]
  0x00000226fc92f1b0 JavaThread "Unconstrained build operations Thread 48"        [_thread_blocked, id=14700, stack(0x000000df66b00000,0x000000df66c00000) (1024K)]
  0x00000226fc92ca50 JavaThread "Unconstrained build operations Thread 49"        [_thread_blocked, id=8428, stack(0x000000df66c00000,0x000000df66d00000) (1024K)]
  0x00000226fc930560 JavaThread "Unconstrained build operations Thread 50"        [_thread_blocked, id=18860, stack(0x000000df66d00000,0x000000df66e00000) (1024K)]
  0x00000226fc92d770 JavaThread "Unconstrained build operations Thread 51"        [_thread_blocked, id=15596, stack(0x000000df66e00000,0x000000df66f00000) (1024K)]
  0x00000226fc92e490 JavaThread "Unconstrained build operations Thread 52"        [_thread_blocked, id=19412, stack(0x000000df66f00000,0x000000df67000000) (1024K)]
  0x00000226fc92d0e0 JavaThread "Unconstrained build operations Thread 53"        [_thread_blocked, id=8900, stack(0x000000df67000000,0x000000df67100000) (1024K)]
  0x00000226fc92eb20 JavaThread "Unconstrained build operations Thread 54"        [_thread_blocked, id=18788, stack(0x000000df67100000,0x000000df67200000) (1024K)]
  0x00000226fc930bf0 JavaThread "Unconstrained build operations Thread 55"        [_thread_blocked, id=16348, stack(0x000000df67200000,0x000000df67300000) (1024K)]
  0x00000226fc931280 JavaThread "Unconstrained build operations Thread 56"        [_thread_blocked, id=19692, stack(0x000000df67300000,0x000000df67400000) (1024K)]
  0x00000226fc92de00 JavaThread "Unconstrained build operations Thread 57"        [_thread_blocked, id=28012, stack(0x000000df67400000,0x000000df67500000) (1024K)]
  0x00000226fc931fa0 JavaThread "Unconstrained build operations Thread 58"        [_thread_blocked, id=7112, stack(0x000000df65900000,0x000000df65a00000) (1024K)]
  0x00000226fc931910 JavaThread "Unconstrained build operations Thread 59"        [_thread_blocked, id=20652, stack(0x000000df67500000,0x000000df67600000) (1024K)]
  0x00000226fc935ab0 JavaThread "Unconstrained build operations Thread 60"        [_thread_blocked, id=17440, stack(0x000000df67600000,0x000000df67700000) (1024K)]
  0x00000226fc9339e0 JavaThread "Unconstrained build operations Thread 61"        [_thread_blocked, id=16304, stack(0x000000df67700000,0x000000df67800000) (1024K)]
  0x00000226fc932630 JavaThread "Unconstrained build operations Thread 62"        [_thread_blocked, id=2064, stack(0x000000df67800000,0x000000df67900000) (1024K)]
  0x00000226fc932cc0 JavaThread "Unconstrained build operations Thread 63"        [_thread_blocked, id=13732, stack(0x000000df67900000,0x000000df67a00000) (1024K)]
  0x00000226fc936140 JavaThread "Unconstrained build operations Thread 64"        [_thread_blocked, id=18476, stack(0x000000df67a00000,0x000000df67b00000) (1024K)]
  0x00000226fc9367d0 JavaThread "Unconstrained build operations Thread 65"        [_thread_blocked, id=15456, stack(0x000000df67b00000,0x000000df67c00000) (1024K)]
  0x00000226fc933350 JavaThread "Unconstrained build operations Thread 66"        [_thread_blocked, id=27272, stack(0x000000df67c00000,0x000000df67d00000) (1024K)]
  0x00000226fc9374f0 JavaThread "Unconstrained build operations Thread 67"        [_thread_blocked, id=13324, stack(0x000000df67d00000,0x000000df67e00000) (1024K)]
  0x00000226fc934070 JavaThread "Unconstrained build operations Thread 68"        [_thread_blocked, id=26068, stack(0x000000df67e00000,0x000000df67f00000) (1024K)]
  0x00000226fc934700 JavaThread "Unconstrained build operations Thread 69"        [_thread_blocked, id=21768, stack(0x000000df67f00000,0x000000df68000000) (1024K)]
  0x00000226fc934d90 JavaThread "Unconstrained build operations Thread 70"        [_thread_blocked, id=17680, stack(0x000000df68000000,0x000000df68100000) (1024K)]
  0x00000226f7868480 JavaThread "Unconstrained build operations Thread 71"        [_thread_blocked, id=19996, stack(0x000000df5f700000,0x000000df5f800000) (1024K)]
  0x00000226f7868b10 JavaThread "Unconstrained build operations Thread 72"        [_thread_blocked, id=20132, stack(0x000000df5f900000,0x000000df5fa00000) (1024K)]
  0x00000226f7867760 JavaThread "Unconstrained build operations Thread 73"        [_thread_blocked, id=9276, stack(0x000000df5f800000,0x000000df5f900000) (1024K)]
  0x00000226f786bf90 JavaThread "Unconstrained build operations Thread 74"        [_thread_blocked, id=14420, stack(0x000000df68100000,0x000000df68200000) (1024K)]
  0x00000226f786d9d0 JavaThread "Unconstrained build operations Thread 75"        [_thread_blocked, id=28152, stack(0x000000df68200000,0x000000df68300000) (1024K)]
  0x00000226f786b270 JavaThread "Unconstrained build operations Thread 76"        [_thread_blocked, id=25552, stack(0x000000df68300000,0x000000df68400000) (1024K)]
  0x00000227138a8160 JavaThread "Build operations Thread 2"         [_thread_blocked, id=18304, stack(0x000000df68600000,0x000000df68700000) (1024K)]
  0x00000227138aa230 JavaThread "Build operations Thread 3"         [_thread_blocked, id=7624, stack(0x000000df68700000,0x000000df68800000) (1024K)]
  0x00000227138a87f0 JavaThread "Build operations Thread 4"         [_thread_blocked, id=2956, stack(0x000000df68800000,0x000000df68900000) (1024K)]
  0x00000227138a6720 JavaThread "included builds"                   [_thread_blocked, id=18796, stack(0x000000df68900000,0x000000df68a00000) (1024K)]
  0x00000227138a6db0 JavaThread "Execution worker"                  [_thread_blocked, id=14632, stack(0x000000df68a00000,0x000000df68b00000) (1024K)]
  0x00000227138aa8c0 JavaThread "Execution worker Thread 2"         [_thread_blocked, id=27332, stack(0x000000df68b00000,0x000000df68c00000) (1024K)]
  0x00000227138aaf50 JavaThread "Execution worker Thread 3"         [_thread_blocked, id=11268, stack(0x000000df68c00000,0x000000df68d00000) (1024K)]
  0x00000227138ac300 JavaThread "Execution worker Thread 4"         [_thread_blocked, id=1720, stack(0x000000df68d00000,0x000000df68e00000) (1024K)]
  0x00000227138ab5e0 JavaThread "Execution worker Thread 5"         [_thread_blocked, id=4496, stack(0x000000df68e00000,0x000000df68f00000) (1024K)]
  0x00000227138abc70 JavaThread "Execution worker Thread 6"         [_thread_blocked, id=22328, stack(0x000000df68f00000,0x000000df69000000) (1024K)]
  0x00000227138ac990 JavaThread "Execution worker Thread 7"         [_thread_blocked, id=9628, stack(0x000000df69000000,0x000000df69100000) (1024K)]
  0x00000227117f37e0 JavaThread "Cache worker for execution history cache (S:\Web Projects\Synapse\.gradle\9.1.0\executionHistory)"        [_thread_blocked, id=28052, stack(0x000000df69100000,0x000000df69200000) (1024K)]
  0x0000022711e23a40 JavaThread "Unconstrained build operations Thread 77"        [_thread_blocked, id=28468, stack(0x000000df69200000,0x000000df69300000) (1024K)]
  0x0000022712b1fda0 JavaThread "Unconstrained build operations Thread 78"        [_thread_blocked, id=26352, stack(0x000000df69300000,0x000000df69400000) (1024K)]
  0x00000227117f3e70 JavaThread "Unconstrained build operations Thread 79"        [_thread_blocked, id=19288, stack(0x000000df69400000,0x000000df69500000) (1024K)]
  0x0000022711e71f50 JavaThread "Unconstrained build operations Thread 80"        [_thread_blocked, id=21644, stack(0x000000df69500000,0x000000df69600000) (1024K)]
  0x0000022711e24760 JavaThread "WorkerExecutor Queue"              [_thread_blocked, id=2764, stack(0x000000df69700000,0x000000df69800000) (1024K)]
  0x0000022715432e80 JavaThread "WorkerExecutor Queue Thread 2"        [_thread_blocked, id=19128, stack(0x000000df69800000,0x000000df69900000) (1024K)]
  0x0000022711e725e0 JavaThread "pool-3-thread-1"                   [_thread_blocked, id=7044, stack(0x000000df69a00000,0x000000df69b00000) (1024K)]
  0x0000022713d64ec0 JavaThread "WorkerExecutor Queue Thread 4"        [_thread_blocked, id=20228, stack(0x000000df69b00000,0x000000df69c00000) (1024K)]
  0x00000226d276a6c0 JavaThread "WorkerExecutor Queue Thread 5"        [_thread_blocked, id=2548, stack(0x000000df69c00000,0x000000df69d00000) (1024K)]
  0x00000226d276ad50 JavaThread "WorkerExecutor Queue Thread 6"        [_thread_blocked, id=23180, stack(0x000000df69d00000,0x000000df69e00000) (1024K)]
  0x0000022712c38750 JavaThread "WorkerExecutor Queue Thread 7"        [_thread_blocked, id=28388, stack(0x000000df69e00000,0x000000df69f00000) (1024K)]
  0x00000226d21c9330 JavaThread "WorkerExecutor Queue Thread 8"        [_thread_blocked, id=24124, stack(0x000000df69f00000,0x000000df6a000000) (1024K)]
  0x00000226d27685f0 JavaThread "pool-4-thread-1"                   [_thread_blocked, id=20820, stack(0x000000df6a000000,0x000000df6a100000) (1024K)]
  0x00000226d27678d0 JavaThread "stderr"                            [_thread_in_native, id=2560, stack(0x000000df6a100000,0x000000df6a200000) (1024K)]
  0x00000226d2767f60 JavaThread "stdout"                            [_thread_in_native, id=19148, stack(0x000000df6a200000,0x000000df6a300000) (1024K)]
  0x00000227115c2400 JavaThread "stderr"                            [_thread_in_native, id=13464, stack(0x000000df6a300000,0x000000df6a400000) (1024K)]
  0x00000227115c44d0 JavaThread "stdout"                            [_thread_in_native, id=8504, stack(0x000000df6a400000,0x000000df6a500000) (1024K)]
  0x000002271200b560 JavaThread "stderr"                            [_thread_in_native, id=5588, stack(0x000000df6a500000,0x000000df6a600000) (1024K)]
  0x000002271200bbf0 JavaThread "stdout"                            [_thread_in_native, id=24364, stack(0x000000df6a600000,0x000000df6a700000) (1024K)]
  0x000002271200c910 JavaThread "stderr"                            [_thread_in_native, id=25172, stack(0x000000df6a700000,0x000000df6a800000) (1024K)]
  0x000002271200aed0 JavaThread "stdout"                            [_thread_in_native, id=15136, stack(0x000000df6a800000,0x000000df6a900000) (1024K)]
  0x00000226d21cad70 JavaThread "stderr"                            [_thread_in_native, id=10452, stack(0x000000df6a900000,0x000000df6aa00000) (1024K)]
  0x00000226d21ca6e0 JavaThread "stdout"                            [_thread_in_native, id=22076, stack(0x000000df6aa00000,0x000000df6ab00000) (1024K)]
  0x00000226d2d136c0 JavaThread "RMI Scheduler(0)"           daemon [_thread_blocked, id=14708, stack(0x000000df68400000,0x000000df68500000) (1024K)]
  0x00000226d1f96100 JavaThread "RMI GC Daemon"              daemon [_thread_blocked, id=26232, stack(0x000000df6ab00000,0x000000df6ac00000) (1024K)]
  0x00000226d1f953e0 JavaThread "RMI TCP Accept-0"           daemon [_thread_in_native, id=13600, stack(0x000000df6ae00000,0x000000df6af00000) (1024K)]
  0x00000226d1f94030 JavaThread "RMI Reaper"                        [_thread_blocked, id=10468, stack(0x000000df6af00000,0x000000df6b000000) (1024K)]
  0x0000022712c39470 JavaThread "RMI TCP Connection(idle)"   daemon [_thread_blocked, id=14500, stack(0x000000df6b000000,0x000000df6b100000) (1024K)]
  0x0000022713d14840 JavaThread "pool-3-thread-2"                   [_thread_blocked, id=9340, stack(0x000000df69600000,0x000000df69700000) (1024K)]
  0x0000022714a5ece0 JavaThread "RMI TCP Connection(idle)"   daemon [_thread_blocked, id=16520, stack(0x000000df6b100000,0x000000df6b200000) (1024K)]
  0x00000226d2768c80 JavaThread "WorkerExecutor Queue Thread 9"        [_thread_blocked, id=6952, stack(0x000000df69900000,0x000000df69a00000) (1024K)]
  0x000002271200d630 JavaThread "DefaultDispatcher-worker-1" daemon [_thread_blocked, id=25728, stack(0x000000df68500000,0x000000df68600000) (1024K)]
  0x0000022713d15bf0 JavaThread "DefaultDispatcher-worker-2" daemon [_thread_blocked, id=20416, stack(0x000000df6ac00000,0x000000df6ad00000) (1024K)]
  0x0000022714c087c0 JavaThread "DefaultDispatcher-worker-3" daemon [_thread_blocked, id=5964, stack(0x000000df6ad00000,0x000000df6ae00000) (1024K)]
  0x0000022713d66900 JavaThread "ForkJoinPool-1-worker-1"    daemon [_thread_blocked, id=26384, stack(0x000000df6b200000,0x000000df6b300000) (1024K)]
  0x0000022713d65550 JavaThread "ForkJoinPool-1-worker-2"    daemon [_thread_blocked, id=17784, stack(0x000000df6b300000,0x000000df6b400000) (1024K)]
  0x0000022714d54d50 JavaThread "ForkJoinPool-1-worker-3"    daemon [_thread_blocked, id=15296, stack(0x000000df6b400000,0x000000df6b500000) (1024K)]
  0x0000022712c39b00 JavaThread "ForkJoinPool-1-worker-4"    daemon [_thread_blocked, id=24016, stack(0x000000df6b500000,0x000000df6b600000) (1024K)]
  0x00000227117f86a0 JavaThread "ForkJoinPool-1-worker-5"    daemon [_thread_blocked, id=28436, stack(0x000000df6b600000,0x000000df6b700000) (1024K)]
  0x0000022714d553e0 JavaThread "ForkJoinPool-1-worker-6"    daemon [_thread_blocked, id=28536, stack(0x000000df6b700000,0x000000df6b800000) (1024K)]
  0x000002271494d390 JavaThread "ForkJoinPool-1-worker-7"    daemon [_thread_blocked, id=8712, stack(0x000000df6b800000,0x000000df6b900000) (1024K)]
  0x00000227117f72f0 JavaThread "ForkJoinPool-1-worker-8"    daemon [_thread_blocked, id=27668, stack(0x000000df6b900000,0x000000df6ba00000) (1024K)]
  0x00000227117f93c0 JavaThread "Periodic tasks thread"      daemon [_thread_blocked, id=14656, stack(0x000000df6ba00000,0x000000df6bb00000) (1024K)]
  0x000002271494c670 JavaThread "ApplicationImpl pooled thread 1"        [_thread_blocked, id=12120, stack(0x000000df6bb00000,0x000000df6bc00000) (1024K)]
  0x000002270477ec40 JavaThread "ForkJoinPool.commonPool-worker-1" daemon [_thread_blocked, id=27656, stack(0x000000df6bc00000,0x000000df6bd00000) (1024K)]
  0x000002270477fff0 JavaThread "Java2D Disposer"            daemon [_thread_blocked, id=18384, stack(0x000000df6bd00000,0x000000df6be00000) (1024K)]
  0x0000022704780680 JavaThread "AWT-Windows"                daemon [_thread_in_native, id=17644, stack(0x000000df6bf00000,0x000000df6c000000) (1024K)]
  0x0000022712102480 JavaThread "ForkJoinPool.commonPool-worker-2" daemon [_thread_blocked, id=9424, stack(0x000000df6be00000,0x000000df6bf00000) (1024K)]
  0x00000227117fa770 JavaThread "ForkJoinPool.commonPool-worker-3" daemon [_thread_blocked, id=28244, stack(0x000000df66800000,0x000000df66900000) (1024K)]
  0x00000227115c16e0 JavaThread "ForkJoinPool.commonPool-worker-4" daemon [_thread_blocked, id=25180, stack(0x000000df6c100000,0x000000df6c200000) (1024K)]
  0x00000226d206bb70 JavaThread "C2 CompilerThread1"         daemon [_thread_blocked, id=28512, stack(0x000000df66700000,0x000000df66800000) (1024K)]
  0x00000226d20684f0 JavaThread "C2 CompilerThread2"         daemon [_thread_blocked, id=12828, stack(0x000000df6c200000,0x000000df6c300000) (1024K)]
Total: 187

Other Threads:
=>0x00000226f7265880 VMThread "VM Thread"                           [id=9680, stack(0x000000df60100000,0x000000df60200000) (1024K)]
  0x00000226f7252520 WatcherThread "VM Periodic Task Thread"        [id=27704, stack(0x000000df60000000,0x000000df60100000) (1024K)]
  0x00000226d7e0b1c0 WorkerThread "GC Thread#0"                     [id=27472, stack(0x000000df5fb00000,0x000000df5fc00000) (1024K)]
  0x00000226f75dbd60 WorkerThread "GC Thread#1"                     [id=22864, stack(0x000000df60d00000,0x000000df60e00000) (1024K)]
  0x00000226f75753c0 WorkerThread "GC Thread#2"                     [id=23900, stack(0x000000df60e00000,0x000000df60f00000) (1024K)]
  0x00000226f767dfc0 WorkerThread "GC Thread#3"                     [id=20828, stack(0x000000df60f00000,0x000000df61000000) (1024K)]
  0x00000226f767e370 WorkerThread "GC Thread#4"                     [id=26060, stack(0x000000df61000000,0x000000df61100000) (1024K)]
  0x00000226f767e720 WorkerThread "GC Thread#5"                     [id=24684, stack(0x000000df61100000,0x000000df61200000) (1024K)]
  0x00000226f767ead0 WorkerThread "GC Thread#6"                     [id=23364, stack(0x000000df61200000,0x000000df61300000) (1024K)]
  0x00000226f760a2e0 WorkerThread "GC Thread#7"                     [id=14020, stack(0x000000df61300000,0x000000df61400000) (1024K)]
  0x00000226d7e1cfc0 ConcurrentGCThread "G1 Main Marker"            [id=25880, stack(0x000000df5fc00000,0x000000df5fd00000) (1024K)]
  0x00000226d7e20040 WorkerThread "G1 Conc#0"                       [id=17732, stack(0x000000df5fd00000,0x000000df5fe00000) (1024K)]
  0x00000226fd572590 WorkerThread "G1 Conc#1"                       [id=20704, stack(0x000000df62200000,0x000000df62300000) (1024K)]
  0x00000226f7120680 ConcurrentGCThread "G1 Refine#0"               [id=9692, stack(0x000000df5fe00000,0x000000df5ff00000) (1024K)]
  0x00000226f7120fb0 ConcurrentGCThread "G1 Service"                [id=15404, stack(0x000000df5ff00000,0x000000df60000000) (1024K)]
Total: 15

Threads with active compile tasks:
C2 CompilerThread0  157741 52042       4       com.android.tools.r8.internal.ju::a (192 bytes)
C2 CompilerThread1  157741 51917       4       com.android.tools.r8.internal.ju::a (4509 bytes)
C2 CompilerThread2  157741 51954 %     4       com.android.tools.r8.internal.ju::a @ 2918 (7028 bytes)
Total: 3

VM state: at safepoint (normal execution)

VM Mutex/Monitor currently owned by a thread:  ([mutex/lock_event])
[0x00007ffdf88a65c0] Threads_lock - owner thread: 0x00000226f7265880
[0x00007ffdf88a66c0] Heap_lock - owner thread: 0x00000226d7e1cfc0

Heap address: 0x0000000700000000, size: 4096 MB, Compressed Oops mode: Zero based, Oop shift amount: 3

CDS archive(s) mapped at: [0x0000022680000000-0x0000022680c80000-0x0000022680c80000), size 13107200, SharedBaseAddress: 0x0000022680000000, ArchiveRelocationMode: 1.
Compressed class space mapped at: 0x0000022681000000-0x00000226c1000000, reserved size: 1073741824
Narrow klass base: 0x0000022680000000, Narrow klass shift: 0, Narrow klass range: 0x100000000

GC Precious Log:
 CardTable entry size: 512
 Card Set container configuration: InlinePtr #cards 4 size 8 Array Of Cards #cards 16 size 48 Howl #buckets 8 coarsen threshold 3686 Howl Bitmap #cards 512 size 80 coarsen threshold 460 Card regions per heap region 1 cards per card region 4096
 CPUs: 8 total, 8 available
 Memory: 24363M
 Large Page Support: Disabled
 NUMA Support: Disabled
 Compressed Oops: Enabled (Zero based)
 Heap Region Size: 2M
 Heap Min Capacity: 8M
 Heap Initial Capacity: 382M
 Heap Max Capacity: 4G
 Pre-touch: Disabled
 Parallel Workers: 8
 Concurrent Workers: 2
 Concurrent Refinement Workers: 8
 Periodic GC: Disabled

Heap:
 garbage-first heap   total 1593344K, used 1437696K [0x0000000700000000, 0x0000000800000000)
  region size 2048K, 168 young (344064K), 24 survivors (49152K)
 Metaspace       used 343824K, committed 347712K, reserved 1376256K
  class space    used 43745K, committed 45696K, reserved 1048576K

Heap Regions: E=young(eden), S=young(survivor), O=old, HS=humongous(starts), HC=humongous(continues), CS=collection set, F=free, TAMS=top-at-mark-start, PB=parsable bottom
|   0|0x0000000700000000, 0x0000000700200000, 0x0000000700200000|100%|HS|  |TAMS 0x0000000700200000| PB 0x0000000700000000| Complete 
|   1|0x0000000700200000, 0x0000000700400000, 0x0000000700400000|100%|HC|  |TAMS 0x0000000700400000| PB 0x0000000700200000| Complete 
|   2|0x0000000700400000, 0x0000000700600000, 0x0000000700600000|100%| O|  |TAMS 0x0000000700600000| PB 0x0000000700600000| Untracked 
|   3|0x0000000700600000, 0x0000000700800000, 0x0000000700800000|100%| O|  |TAMS 0x0000000700800000| PB 0x0000000700800000| Untracked 
|   4|0x0000000700800000, 0x0000000700a00000, 0x0000000700a00000|100%| O|  |TAMS 0x0000000700a00000| PB 0x0000000700a00000| Untracked 
|   5|0x0000000700a00000, 0x0000000700c00000, 0x0000000700c00000|100%| O|  |TAMS 0x0000000700c00000| PB 0x0000000700c00000| Updating 
|   6|0x0000000700c00000, 0x0000000700e00000, 0x0000000700e00000|100%| O|  |TAMS 0x0000000700e00000| PB 0x0000000700e00000| Untracked 
|   7|0x0000000700e00000, 0x0000000701000000, 0x0000000701000000|100%| O|  |TAMS 0x0000000701000000| PB 0x0000000701000000| Untracked 
|   8|0x0000000701000000, 0x0000000701200000, 0x0000000701200000|100%| O|  |TAMS 0x0000000701200000| PB 0x0000000701200000| Untracked 
|   9|0x0000000701200000, 0x0000000701400000, 0x0000000701400000|100%| O|  |TAMS 0x0000000701400000| PB 0x0000000701400000| Untracked 
|  10|0x0000000701400000, 0x0000000701600000, 0x0000000701600000|100%| O|  |TAMS 0x0000000701600000| PB 0x0000000701600000| Untracked 
|  11|0x0000000701600000, 0x0000000701800000, 0x0000000701800000|100%| O|  |TAMS 0x0000000701800000| PB 0x0000000701800000| Untracked 
|  12|0x0000000701800000, 0x0000000701a00000, 0x0000000701a00000|100%| O|  |TAMS 0x0000000701a00000| PB 0x0000000701a00000| Updating 
|  13|0x0000000701a00000, 0x0000000701c00000, 0x0000000701c00000|100%| O|  |TAMS 0x0000000701c00000| PB 0x0000000701c00000| Untracked 
|  14|0x0000000701c00000, 0x0000000701e00000, 0x0000000701e00000|100%| O|  |TAMS 0x0000000701e00000| PB 0x0000000701e00000| Updating 
|  15|0x0000000701e00000, 0x0000000702000000, 0x0000000702000000|100%| O|  |TAMS 0x0000000702000000| PB 0x0000000702000000| Updating 
|  16|0x0000000702000000, 0x0000000702200000, 0x0000000702200000|100%| O|  |TAMS 0x0000000702200000| PB 0x0000000702200000| Updating 
|  17|0x0000000702200000, 0x0000000702400000, 0x0000000702400000|100%| O|  |TAMS 0x0000000702400000| PB 0x0000000702400000| Untracked 
|  18|0x0000000702400000, 0x0000000702600000, 0x0000000702600000|100%| O|  |TAMS 0x0000000702600000| PB 0x0000000702600000| Untracked 
|  19|0x0000000702600000, 0x0000000702800000, 0x0000000702800000|100%| O|  |TAMS 0x0000000702800000| PB 0x0000000702800000| Updating 
|  20|0x0000000702800000, 0x0000000702a00000, 0x0000000702a00000|100%|HS|  |TAMS 0x0000000702a00000| PB 0x0000000702800000| Complete 
|  21|0x0000000702a00000, 0x0000000702c00000, 0x0000000702c00000|100%| O|  |TAMS 0x0000000702c00000| PB 0x0000000702c00000| Updating 
|  22|0x0000000702c00000, 0x0000000702e00000, 0x0000000702e00000|100%| O|  |TAMS 0x0000000702e00000| PB 0x0000000702e00000| Untracked 
|  23|0x0000000702e00000, 0x0000000703000000, 0x0000000703000000|100%| O|  |TAMS 0x0000000703000000| PB 0x0000000703000000| Untracked 
|  24|0x0000000703000000, 0x0000000703200000, 0x0000000703200000|100%| O|  |TAMS 0x0000000703200000| PB 0x0000000703200000| Updating 
|  25|0x0000000703200000, 0x0000000703400000, 0x0000000703400000|100%| O|  |TAMS 0x0000000703400000| PB 0x0000000703400000| Updating 
|  26|0x0000000703400000, 0x0000000703600000, 0x0000000703600000|100%| O|  |TAMS 0x0000000703600000| PB 0x0000000703600000| Untracked 
|  27|0x0000000703600000, 0x0000000703800000, 0x0000000703800000|100%| O|  |TAMS 0x0000000703800000| PB 0x0000000703800000| Untracked 
|  28|0x0000000703800000, 0x0000000703a00000, 0x0000000703a00000|100%| O|  |TAMS 0x0000000703a00000| PB 0x0000000703a00000| Updating 
|  29|0x0000000703a00000, 0x0000000703c00000, 0x0000000703c00000|100%| O|  |TAMS 0x0000000703c00000| PB 0x0000000703c00000| Untracked 
|  30|0x0000000703c00000, 0x0000000703e00000, 0x0000000703e00000|100%| O|  |TAMS 0x0000000703e00000| PB 0x0000000703e00000| Untracked 
|  31|0x0000000703e00000, 0x0000000704000000, 0x0000000704000000|100%| O|  |TAMS 0x0000000704000000| PB 0x0000000704000000| Untracked 
|  32|0x0000000704000000, 0x0000000704200000, 0x0000000704200000|100%| O|  |TAMS 0x0000000704200000| PB 0x0000000704200000| Updating 
|  33|0x0000000704200000, 0x0000000704400000, 0x0000000704400000|100%|HS|  |TAMS 0x0000000704400000| PB 0x0000000704200000| Complete 
|  34|0x0000000704400000, 0x0000000704600000, 0x0000000704600000|100%| O|  |TAMS 0x0000000704600000| PB 0x0000000704600000| Updating 
|  35|0x0000000704600000, 0x0000000704800000, 0x0000000704800000|100%| O|  |TAMS 0x0000000704800000| PB 0x0000000704800000| Updating 
|  36|0x0000000704800000, 0x0000000704a00000, 0x0000000704a00000|100%|HS|  |TAMS 0x0000000704a00000| PB 0x0000000704800000| Complete 
|  37|0x0000000704a00000, 0x0000000704c00000, 0x0000000704c00000|100%| O|  |TAMS 0x0000000704c00000| PB 0x0000000704c00000| Updating 
|  38|0x0000000704c00000, 0x0000000704e00000, 0x0000000704e00000|100%| O|  |TAMS 0x0000000704e00000| PB 0x0000000704e00000| Updating 
|  39|0x0000000704e00000, 0x0000000705000000, 0x0000000705000000|100%| O|  |TAMS 0x0000000705000000| PB 0x0000000705000000| Untracked 
|  40|0x0000000705000000, 0x0000000705200000, 0x0000000705200000|100%| O|  |TAMS 0x0000000705200000| PB 0x0000000705200000| Untracked 
|  41|0x0000000705200000, 0x0000000705400000, 0x0000000705400000|100%| O|  |TAMS 0x0000000705400000| PB 0x0000000705400000| Untracked 
|  42|0x0000000705400000, 0x0000000705600000, 0x0000000705600000|100%| O|  |TAMS 0x0000000705600000| PB 0x0000000705600000| Updating 
|  43|0x0000000705600000, 0x0000000705800000, 0x0000000705800000|100%| O|  |TAMS 0x0000000705800000| PB 0x0000000705800000| Updating 
|  44|0x0000000705800000, 0x0000000705a00000, 0x0000000705a00000|100%| O|  |TAMS 0x0000000705a00000| PB 0x0000000705a00000| Updating 
|  45|0x0000000705a00000, 0x0000000705c00000, 0x0000000705c00000|100%| O|  |TAMS 0x0000000705c00000| PB 0x0000000705c00000| Untracked 
|  46|0x0000000705c00000, 0x0000000705e00000, 0x0000000705e00000|100%| O|  |TAMS 0x0000000705e00000| PB 0x0000000705e00000| Untracked 
|  47|0x0000000705e00000, 0x0000000706000000, 0x0000000706000000|100%| O|  |TAMS 0x0000000706000000| PB 0x0000000706000000| Untracked 
|  48|0x0000000706000000, 0x0000000706200000, 0x0000000706200000|100%| O|  |TAMS 0x0000000706200000| PB 0x0000000706200000| Untracked 
|  49|0x0000000706200000, 0x0000000706400000, 0x0000000706400000|100%| O|  |TAMS 0x0000000706400000| PB 0x0000000706400000| Updating 
|  50|0x0000000706400000, 0x0000000706600000, 0x0000000706600000|100%| O|  |TAMS 0x0000000706600000| PB 0x0000000706600000| Updating 
|  51|0x0000000706600000, 0x0000000706800000, 0x0000000706800000|100%|HS|  |TAMS 0x0000000706800000| PB 0x0000000706600000| Complete 
|  52|0x0000000706800000, 0x0000000706a00000, 0x0000000706a00000|100%| O|  |TAMS 0x0000000706a00000| PB 0x0000000706a00000| Updating 
|  53|0x0000000706a00000, 0x0000000706c00000, 0x0000000706c00000|100%| O|  |TAMS 0x0000000706c00000| PB 0x0000000706c00000| Updating 
|  54|0x0000000706c00000, 0x0000000706e00000, 0x0000000706e00000|100%| O|  |TAMS 0x0000000706e00000| PB 0x0000000706e00000| Untracked 
|  55|0x0000000706e00000, 0x0000000707000000, 0x0000000707000000|100%| O|  |TAMS 0x0000000707000000| PB 0x0000000707000000| Untracked 
|  56|0x0000000707000000, 0x0000000707200000, 0x0000000707200000|100%| O|  |TAMS 0x0000000707200000| PB 0x0000000707200000| Untracked 
|  57|0x0000000707200000, 0x0000000707400000, 0x0000000707400000|100%| O|  |TAMS 0x0000000707400000| PB 0x0000000707400000| Updating 
|  58|0x0000000707400000, 0x0000000707600000, 0x0000000707600000|100%| O|  |TAMS 0x0000000707600000| PB 0x0000000707600000| Updating 
|  59|0x0000000707600000, 0x0000000707800000, 0x0000000707800000|100%| O|  |TAMS 0x0000000707800000| PB 0x0000000707800000| Updating 
|  60|0x0000000707800000, 0x0000000707a00000, 0x0000000707a00000|100%| O|  |TAMS 0x0000000707a00000| PB 0x0000000707a00000| Updating 
|  61|0x0000000707a00000, 0x0000000707c00000, 0x0000000707c00000|100%| O|  |TAMS 0x0000000707c00000| PB 0x0000000707c00000| Untracked 
|  62|0x0000000707c00000, 0x0000000707e00000, 0x0000000707e00000|100%| O|  |TAMS 0x0000000707e00000| PB 0x0000000707e00000| Updating 
|  63|0x0000000707e00000, 0x0000000708000000, 0x0000000708000000|100%| O|  |TAMS 0x0000000708000000| PB 0x0000000708000000| Untracked 
|  64|0x0000000708000000, 0x0000000708200000, 0x0000000708200000|100%| O|  |TAMS 0x0000000708200000| PB 0x0000000708200000| Updating 
|  65|0x0000000708200000, 0x0000000708400000, 0x0000000708400000|100%| O|  |TAMS 0x0000000708400000| PB 0x0000000708400000| Untracked 
|  66|0x0000000708400000, 0x0000000708600000, 0x0000000708600000|100%| O|  |TAMS 0x0000000708600000| PB 0x0000000708600000| Untracked 
|  67|0x0000000708600000, 0x0000000708800000, 0x0000000708800000|100%| O|  |TAMS 0x0000000708800000| PB 0x0000000708800000| Updating 
|  68|0x0000000708800000, 0x0000000708a00000, 0x0000000708a00000|100%| O|  |TAMS 0x0000000708a00000| PB 0x0000000708a00000| Untracked 
|  69|0x0000000708a00000, 0x0000000708c00000, 0x0000000708c00000|100%| O|  |TAMS 0x0000000708c00000| PB 0x0000000708c00000| Untracked 
|  70|0x0000000708c00000, 0x0000000708e00000, 0x0000000708e00000|100%| O|  |TAMS 0x0000000708e00000| PB 0x0000000708e00000| Untracked 
|  71|0x0000000708e00000, 0x0000000709000000, 0x0000000709000000|100%| O|  |TAMS 0x0000000709000000| PB 0x0000000709000000| Untracked 
|  72|0x0000000709000000, 0x0000000709200000, 0x0000000709200000|100%| O|  |TAMS 0x0000000709200000| PB 0x0000000709200000| Updating 
|  73|0x0000000709200000, 0x0000000709400000, 0x0000000709400000|100%| O|  |TAMS 0x0000000709400000| PB 0x0000000709400000| Untracked 
|  74|0x0000000709400000, 0x0000000709600000, 0x0000000709600000|100%| O|  |TAMS 0x0000000709600000| PB 0x0000000709600000| Untracked 
|  75|0x0000000709600000, 0x0000000709800000, 0x0000000709800000|100%| O|  |TAMS 0x0000000709800000| PB 0x0000000709800000| Untracked 
|  76|0x0000000709800000, 0x0000000709a00000, 0x0000000709a00000|100%| O|  |TAMS 0x0000000709a00000| PB 0x0000000709a00000| Updating 
|  77|0x0000000709a00000, 0x0000000709c00000, 0x0000000709c00000|100%| O|  |TAMS 0x0000000709c00000| PB 0x0000000709c00000| Untracked 
|  78|0x0000000709c00000, 0x0000000709e00000, 0x0000000709e00000|100%| O|  |TAMS 0x0000000709e00000| PB 0x0000000709e00000| Untracked 
|  79|0x0000000709e00000, 0x000000070a000000, 0x000000070a000000|100%| O|  |TAMS 0x000000070a000000| PB 0x000000070a000000| Updating 
|  80|0x000000070a000000, 0x000000070a200000, 0x000000070a200000|100%| O|  |TAMS 0x000000070a200000| PB 0x000000070a200000| Updating 
|  81|0x000000070a200000, 0x000000070a400000, 0x000000070a400000|100%| O|  |TAMS 0x000000070a400000| PB 0x000000070a400000| Untracked 
|  82|0x000000070a400000, 0x000000070a600000, 0x000000070a600000|100%| O|  |TAMS 0x000000070a600000| PB 0x000000070a600000| Untracked 
|  83|0x000000070a600000, 0x000000070a800000, 0x000000070a800000|100%| O|  |TAMS 0x000000070a800000| PB 0x000000070a800000| Updating 
|  84|0x000000070a800000, 0x000000070aa00000, 0x000000070aa00000|100%| O|  |TAMS 0x000000070aa00000| PB 0x000000070aa00000| Untracked 
|  85|0x000000070aa00000, 0x000000070ac00000, 0x000000070ac00000|100%| O|  |TAMS 0x000000070ac00000| PB 0x000000070ac00000| Untracked 
|  86|0x000000070ac00000, 0x000000070ae00000, 0x000000070ae00000|100%| O|  |TAMS 0x000000070ae00000| PB 0x000000070ae00000| Untracked 
|  87|0x000000070ae00000, 0x000000070b000000, 0x000000070b000000|100%| O|  |TAMS 0x000000070b000000| PB 0x000000070b000000| Untracked 
|  88|0x000000070b000000, 0x000000070b200000, 0x000000070b200000|100%| O|  |TAMS 0x000000070b200000| PB 0x000000070b200000| Untracked 
|  89|0x000000070b200000, 0x000000070b400000, 0x000000070b400000|100%| O|  |TAMS 0x000000070b400000| PB 0x000000070b400000| Updating 
|  90|0x000000070b400000, 0x000000070b600000, 0x000000070b600000|100%| O|  |TAMS 0x000000070b600000| PB 0x000000070b600000| Untracked 
|  91|0x000000070b600000, 0x000000070b800000, 0x000000070b800000|100%| O|  |TAMS 0x000000070b800000| PB 0x000000070b800000| Untracked 
|  92|0x000000070b800000, 0x000000070ba00000, 0x000000070ba00000|100%| O|  |TAMS 0x000000070ba00000| PB 0x000000070ba00000| Untracked 
|  93|0x000000070ba00000, 0x000000070bc00000, 0x000000070bc00000|100%| O|  |TAMS 0x000000070bc00000| PB 0x000000070bc00000| Updating 
|  94|0x000000070bc00000, 0x000000070be00000, 0x000000070be00000|100%| O|  |TAMS 0x000000070be00000| PB 0x000000070be00000| Untracked 
|  95|0x000000070be00000, 0x000000070c000000, 0x000000070c000000|100%| O|  |TAMS 0x000000070c000000| PB 0x000000070c000000| Untracked 
|  96|0x000000070c000000, 0x000000070c200000, 0x000000070c200000|100%| O|  |TAMS 0x000000070c200000| PB 0x000000070c200000| Untracked 
|  97|0x000000070c200000, 0x000000070c400000, 0x000000070c400000|100%| O|  |TAMS 0x000000070c400000| PB 0x000000070c400000| Untracked 
|  98|0x000000070c400000, 0x000000070c600000, 0x000000070c600000|100%| O|  |TAMS 0x000000070c600000| PB 0x000000070c600000| Updating 
|  99|0x000000070c600000, 0x000000070c800000, 0x000000070c800000|100%| O|  |TAMS 0x000000070c800000| PB 0x000000070c800000| Untracked 
| 100|0x000000070c800000, 0x000000070ca00000, 0x000000070ca00000|100%|HS|  |TAMS 0x000000070ca00000| PB 0x000000070c800000| Complete 
| 101|0x000000070ca00000, 0x000000070cc00000, 0x000000070cc00000|100%|HC|  |TAMS 0x000000070cc00000| PB 0x000000070ca00000| Complete 
| 102|0x000000070cc00000, 0x000000070ce00000, 0x000000070ce00000|100%| O|  |TAMS 0x000000070ce00000| PB 0x000000070ce00000| Untracked 
| 103|0x000000070ce00000, 0x000000070d000000, 0x000000070d000000|100%| O|  |TAMS 0x000000070d000000| PB 0x000000070d000000| Updating 
| 104|0x000000070d000000, 0x000000070d200000, 0x000000070d200000|100%| O|  |TAMS 0x000000070d200000| PB 0x000000070d200000| Updating 
| 105|0x000000070d200000, 0x000000070d400000, 0x000000070d400000|100%|HS|  |TAMS 0x000000070d400000| PB 0x000000070d200000| Complete 
| 106|0x000000070d400000, 0x000000070d600000, 0x000000070d600000|100%|HC|  |TAMS 0x000000070d600000| PB 0x000000070d400000| Complete 
| 107|0x000000070d600000, 0x000000070d800000, 0x000000070d800000|100%| O|  |TAMS 0x000000070d800000| PB 0x000000070d800000| Untracked 
| 108|0x000000070d800000, 0x000000070da00000, 0x000000070da00000|100%| O|  |TAMS 0x000000070da00000| PB 0x000000070da00000| Updating 
| 109|0x000000070da00000, 0x000000070dc00000, 0x000000070dc00000|100%| O|  |TAMS 0x000000070dc00000| PB 0x000000070dc00000| Updating 
| 110|0x000000070dc00000, 0x000000070de00000, 0x000000070de00000|100%| O|  |TAMS 0x000000070de00000| PB 0x000000070de00000| Untracked 
| 111|0x000000070de00000, 0x000000070e000000, 0x000000070e000000|100%| O|  |TAMS 0x000000070e000000| PB 0x000000070e000000| Untracked 
| 112|0x000000070e000000, 0x000000070e200000, 0x000000070e200000|100%| O|  |TAMS 0x000000070e200000| PB 0x000000070e200000| Updating 
| 113|0x000000070e200000, 0x000000070e400000, 0x000000070e400000|100%| O|  |TAMS 0x000000070e400000| PB 0x000000070e400000| Updating 
| 114|0x000000070e400000, 0x000000070e600000, 0x000000070e600000|100%| O|  |TAMS 0x000000070e600000| PB 0x000000070e600000| Updating 
| 115|0x000000070e600000, 0x000000070e800000, 0x000000070e800000|100%| O|  |TAMS 0x000000070e800000| PB 0x000000070e800000| Updating 
| 116|0x000000070e800000, 0x000000070ea00000, 0x000000070ea00000|100%| O|  |TAMS 0x000000070e800000| PB 0x000000070e800000| Untracked 
| 117|0x000000070ea00000, 0x000000070ec00000, 0x000000070ec00000|100%|HS|  |TAMS 0x000000070ec00000| PB 0x000000070ea00000| Complete 
| 118|0x000000070ec00000, 0x000000070ee00000, 0x000000070ee00000|100%| O|  |TAMS 0x000000070ee00000| PB 0x000000070ee00000| Updating 
| 119|0x000000070ee00000, 0x000000070f000000, 0x000000070f000000|100%| O|  |TAMS 0x000000070f000000| PB 0x000000070f000000| Untracked 
| 120|0x000000070f000000, 0x000000070f200000, 0x000000070f200000|100%| O|  |TAMS 0x000000070f200000| PB 0x000000070f200000| Untracked 
| 121|0x000000070f200000, 0x000000070f400000, 0x000000070f400000|100%| O|  |TAMS 0x000000070f400000| PB 0x000000070f400000| Updating 
| 122|0x000000070f400000, 0x000000070f600000, 0x000000070f600000|100%| O|  |TAMS 0x000000070f600000| PB 0x000000070f600000| Untracked 
| 123|0x000000070f600000, 0x000000070f800000, 0x000000070f800000|100%| O|  |TAMS 0x000000070f800000| PB 0x000000070f800000| Updating 
| 124|0x000000070f800000, 0x000000070fa00000, 0x000000070fa00000|100%| O|  |TAMS 0x000000070fa00000| PB 0x000000070fa00000| Untracked 
| 125|0x000000070fa00000, 0x000000070fc00000, 0x000000070fc00000|100%| O|  |TAMS 0x000000070fc00000| PB 0x000000070fc00000| Updating 
| 126|0x000000070fc00000, 0x000000070fe00000, 0x000000070fe00000|100%| O|  |TAMS 0x000000070fe00000| PB 0x000000070fe00000| Updating 
| 127|0x000000070fe00000, 0x0000000710000000, 0x0000000710000000|100%| O|  |TAMS 0x0000000710000000| PB 0x0000000710000000| Updating 
| 128|0x0000000710000000, 0x0000000710200000, 0x0000000710200000|100%| O|  |TAMS 0x0000000710200000| PB 0x0000000710200000| Untracked 
| 129|0x0000000710200000, 0x0000000710400000, 0x0000000710400000|100%| O|  |TAMS 0x0000000710200000| PB 0x0000000710200000| Untracked 
| 130|0x0000000710400000, 0x0000000710600000, 0x0000000710600000|100%| O|  |TAMS 0x0000000710600000| PB 0x0000000710600000| Untracked 
| 131|0x0000000710600000, 0x0000000710800000, 0x0000000710800000|100%| O|  |TAMS 0x0000000710800000| PB 0x0000000710800000| Untracked 
| 132|0x0000000710800000, 0x0000000710a00000, 0x0000000710a00000|100%| O|  |TAMS 0x0000000710a00000| PB 0x0000000710a00000| Updating 
| 133|0x0000000710a00000, 0x0000000710c00000, 0x0000000710c00000|100%|HS|  |TAMS 0x0000000710c00000| PB 0x0000000710a00000| Complete 
| 134|0x0000000710c00000, 0x0000000710e00000, 0x0000000710e00000|100%|HC|  |TAMS 0x0000000710e00000| PB 0x0000000710c00000| Complete 
| 135|0x0000000710e00000, 0x0000000711000000, 0x0000000711000000|100%| O|  |TAMS 0x0000000711000000| PB 0x0000000711000000| Untracked 
| 136|0x0000000711000000, 0x0000000711200000, 0x0000000711200000|100%| O|  |TAMS 0x0000000711200000| PB 0x0000000711200000| Untracked 
| 137|0x0000000711200000, 0x0000000711400000, 0x0000000711400000|100%| O|  |TAMS 0x0000000711400000| PB 0x0000000711400000| Untracked 
| 138|0x0000000711400000, 0x0000000711600000, 0x0000000711600000|100%| O|  |TAMS 0x0000000711600000| PB 0x0000000711600000| Untracked 
| 139|0x0000000711600000, 0x0000000711800000, 0x0000000711800000|100%| O|  |TAMS 0x0000000711800000| PB 0x0000000711800000| Updating 
| 140|0x0000000711800000, 0x0000000711a00000, 0x0000000711a00000|100%| O|  |TAMS 0x0000000711a00000| PB 0x0000000711a00000| Updating 
| 141|0x0000000711a00000, 0x0000000711c00000, 0x0000000711c00000|100%| O|  |TAMS 0x0000000711c00000| PB 0x0000000711c00000| Updating 
| 142|0x0000000711c00000, 0x0000000711e00000, 0x0000000711e00000|100%| O|  |TAMS 0x0000000711e00000| PB 0x0000000711e00000| Updating 
| 143|0x0000000711e00000, 0x0000000712000000, 0x0000000712000000|100%| O|  |TAMS 0x0000000712000000| PB 0x0000000712000000| Untracked 
| 144|0x0000000712000000, 0x0000000712200000, 0x0000000712200000|100%| O|  |TAMS 0x0000000712200000| PB 0x0000000712200000| Updating 
| 145|0x0000000712200000, 0x0000000712400000, 0x0000000712400000|100%| O|  |TAMS 0x0000000712400000| PB 0x0000000712400000| Updating 
| 146|0x0000000712400000, 0x0000000712600000, 0x0000000712600000|100%| O|  |TAMS 0x0000000712600000| PB 0x0000000712600000| Updating 
| 147|0x0000000712600000, 0x0000000712800000, 0x0000000712800000|100%|HS|  |TAMS 0x0000000712800000| PB 0x0000000712600000| Complete 
| 148|0x0000000712800000, 0x0000000712a00000, 0x0000000712a00000|100%|HS|  |TAMS 0x0000000712a00000| PB 0x0000000712800000| Complete 
| 149|0x0000000712a00000, 0x0000000712c00000, 0x0000000712c00000|100%| O|  |TAMS 0x0000000712c00000| PB 0x0000000712c00000| Updating 
| 150|0x0000000712c00000, 0x0000000712e00000, 0x0000000712e00000|100%| O|  |TAMS 0x0000000712e00000| PB 0x0000000712e00000| Updating 
| 151|0x0000000712e00000, 0x0000000713000000, 0x0000000713000000|100%| O|  |TAMS 0x0000000713000000| PB 0x0000000713000000| Updating 
| 152|0x0000000713000000, 0x0000000713200000, 0x0000000713200000|100%| O|  |TAMS 0x0000000713200000| PB 0x0000000713200000| Updating 
| 153|0x0000000713200000, 0x0000000713400000, 0x0000000713400000|100%| O|  |TAMS 0x0000000713400000| PB 0x0000000713400000| Updating 
| 154|0x0000000713400000, 0x0000000713600000, 0x0000000713600000|100%| O|  |TAMS 0x0000000713600000| PB 0x0000000713600000| Untracked 
| 155|0x0000000713600000, 0x0000000713800000, 0x0000000713800000|100%| O|  |TAMS 0x0000000713800000| PB 0x0000000713800000| Untracked 
| 156|0x0000000713800000, 0x0000000713a00000, 0x0000000713a00000|100%| O|  |TAMS 0x0000000713a00000| PB 0x0000000713a00000| Updating 
| 157|0x0000000713a00000, 0x0000000713c00000, 0x0000000713c00000|100%| O|  |TAMS 0x0000000713c00000| PB 0x0000000713c00000| Updating 
| 158|0x0000000713c00000, 0x0000000713e00000, 0x0000000713e00000|100%| O|  |TAMS 0x0000000713e00000| PB 0x0000000713e00000| Updating 
| 159|0x0000000713e00000, 0x0000000714000000, 0x0000000714000000|100%| O|  |TAMS 0x0000000714000000| PB 0x0000000714000000| Untracked 
| 160|0x0000000714000000, 0x0000000714200000, 0x0000000714200000|100%| O|  |TAMS 0x0000000714200000| PB 0x0000000714200000| Untracked 
| 161|0x0000000714200000, 0x0000000714400000, 0x0000000714400000|100%| O|  |TAMS 0x0000000714400000| PB 0x0000000714400000| Untracked 
| 162|0x0000000714400000, 0x0000000714600000, 0x0000000714600000|100%| O|  |TAMS 0x0000000714600000| PB 0x0000000714600000| Untracked 
| 163|0x0000000714600000, 0x0000000714800000, 0x0000000714800000|100%| O|  |TAMS 0x0000000714800000| PB 0x0000000714800000| Untracked 
| 164|0x0000000714800000, 0x0000000714a00000, 0x0000000714a00000|100%| O|  |TAMS 0x0000000714a00000| PB 0x0000000714a00000| Untracked 
| 165|0x0000000714a00000, 0x0000000714c00000, 0x0000000714c00000|100%| O|  |TAMS 0x0000000714c00000| PB 0x0000000714c00000| Updating 
| 166|0x0000000714c00000, 0x0000000714e00000, 0x0000000714e00000|100%| O|  |TAMS 0x0000000714e00000| PB 0x0000000714e00000| Untracked 
| 167|0x0000000714e00000, 0x0000000715000000, 0x0000000715000000|100%| O|  |TAMS 0x0000000715000000| PB 0x0000000715000000| Untracked 
| 168|0x0000000715000000, 0x0000000715200000, 0x0000000715200000|100%| O|  |TAMS 0x0000000715200000| PB 0x0000000715200000| Untracked 
| 169|0x0000000715200000, 0x0000000715400000, 0x0000000715400000|100%| O|  |TAMS 0x0000000715400000| PB 0x0000000715400000| Untracked 
| 170|0x0000000715400000, 0x0000000715600000, 0x0000000715600000|100%| O|  |TAMS 0x0000000715600000| PB 0x0000000715600000| Updating 
| 171|0x0000000715600000, 0x0000000715800000, 0x0000000715800000|100%| O|  |TAMS 0x0000000715800000| PB 0x0000000715800000| Untracked 
| 172|0x0000000715800000, 0x0000000715a00000, 0x0000000715a00000|100%| O|  |TAMS 0x0000000715a00000| PB 0x0000000715a00000| Updating 
| 173|0x0000000715a00000, 0x0000000715c00000, 0x0000000715c00000|100%| O|  |TAMS 0x0000000715c00000| PB 0x0000000715c00000| Updating 
| 174|0x0000000715c00000, 0x0000000715e00000, 0x0000000715e00000|100%| O|  |TAMS 0x0000000715e00000| PB 0x0000000715e00000| Updating 
| 175|0x0000000715e00000, 0x0000000716000000, 0x0000000716000000|100%| O|  |TAMS 0x0000000716000000| PB 0x0000000716000000| Updating 
| 176|0x0000000716000000, 0x0000000716200000, 0x0000000716200000|100%| O|  |TAMS 0x0000000716200000| PB 0x0000000716200000| Updating 
| 177|0x0000000716200000, 0x0000000716400000, 0x0000000716400000|100%| O|  |TAMS 0x0000000716400000| PB 0x0000000716400000| Untracked 
| 178|0x0000000716400000, 0x0000000716600000, 0x0000000716600000|100%| O|  |TAMS 0x0000000716600000| PB 0x0000000716600000| Untracked 
| 179|0x0000000716600000, 0x0000000716800000, 0x0000000716800000|100%| O|  |TAMS 0x0000000716800000| PB 0x0000000716800000| Untracked 
| 180|0x0000000716800000, 0x0000000716a00000, 0x0000000716a00000|100%| O|  |TAMS 0x0000000716a00000| PB 0x0000000716a00000| Updating 
| 181|0x0000000716a00000, 0x0000000716c00000, 0x0000000716c00000|100%| O|  |TAMS 0x0000000716c00000| PB 0x0000000716c00000| Updating 
| 182|0x0000000716c00000, 0x0000000716e00000, 0x0000000716e00000|100%| O|  |TAMS 0x0000000716e00000| PB 0x0000000716e00000| Updating 
| 183|0x0000000716e00000, 0x0000000717000000, 0x0000000717000000|100%| O|  |TAMS 0x0000000717000000| PB 0x0000000717000000| Updating 
| 184|0x0000000717000000, 0x0000000717200000, 0x0000000717200000|100%| O|  |TAMS 0x0000000717200000| PB 0x0000000717200000| Updating 
| 185|0x0000000717200000, 0x0000000717400000, 0x0000000717400000|100%| O|  |TAMS 0x0000000717400000| PB 0x0000000717400000| Updating 
| 186|0x0000000717400000, 0x0000000717600000, 0x0000000717600000|100%| O|  |TAMS 0x0000000717600000| PB 0x0000000717600000| Untracked 
| 187|0x0000000717600000, 0x0000000717800000, 0x0000000717800000|100%| O|  |TAMS 0x0000000717800000| PB 0x0000000717800000| Updating 
| 188|0x0000000717800000, 0x0000000717a00000, 0x0000000717a00000|100%| O|  |TAMS 0x0000000717a00000| PB 0x0000000717a00000| Updating 
| 189|0x0000000717a00000, 0x0000000717c00000, 0x0000000717c00000|100%| O|  |TAMS 0x0000000717c00000| PB 0x0000000717c00000| Untracked 
| 190|0x0000000717c00000, 0x0000000717e00000, 0x0000000717e00000|100%| O|  |TAMS 0x0000000717e00000| PB 0x0000000717e00000| Untracked 
| 191|0x0000000717e00000, 0x0000000718000000, 0x0000000718000000|100%| O|  |TAMS 0x0000000718000000| PB 0x0000000718000000| Updating 
| 192|0x0000000718000000, 0x0000000718200000, 0x0000000718200000|100%| O|  |TAMS 0x0000000718200000| PB 0x0000000718200000| Updating 
| 193|0x0000000718200000, 0x0000000718400000, 0x0000000718400000|100%| O|  |TAMS 0x0000000718400000| PB 0x0000000718400000| Updating 
| 194|0x0000000718400000, 0x0000000718600000, 0x0000000718600000|100%| O|  |TAMS 0x0000000718600000| PB 0x0000000718600000| Updating 
| 195|0x0000000718600000, 0x0000000718800000, 0x0000000718800000|100%| O|  |TAMS 0x0000000718800000| PB 0x0000000718800000| Updating 
| 196|0x0000000718800000, 0x0000000718a00000, 0x0000000718a00000|100%| O|  |TAMS 0x0000000718a00000| PB 0x0000000718a00000| Updating 
| 197|0x0000000718a00000, 0x0000000718c00000, 0x0000000718c00000|100%| O|  |TAMS 0x0000000718c00000| PB 0x0000000718c00000| Updating 
| 198|0x0000000718c00000, 0x0000000718e00000, 0x0000000718e00000|100%| O|  |TAMS 0x0000000718e00000| PB 0x0000000718e00000| Untracked 
| 199|0x0000000718e00000, 0x0000000719000000, 0x0000000719000000|100%| O|  |TAMS 0x0000000719000000| PB 0x0000000719000000| Untracked 
| 200|0x0000000719000000, 0x0000000719200000, 0x0000000719200000|100%| O|  |TAMS 0x0000000719200000| PB 0x0000000719200000| Untracked 
| 201|0x0000000719200000, 0x0000000719400000, 0x0000000719400000|100%| O|  |TAMS 0x0000000719400000| PB 0x0000000719400000| Updating 
| 202|0x0000000719400000, 0x0000000719600000, 0x0000000719600000|100%| O|  |TAMS 0x0000000719600000| PB 0x0000000719600000| Untracked 
| 203|0x0000000719600000, 0x0000000719800000, 0x0000000719800000|100%| O|  |TAMS 0x0000000719800000| PB 0x0000000719800000| Untracked 
| 204|0x0000000719800000, 0x0000000719a00000, 0x0000000719a00000|100%| O|  |TAMS 0x0000000719a00000| PB 0x0000000719a00000| Untracked 
| 205|0x0000000719a00000, 0x0000000719c00000, 0x0000000719c00000|100%| O|  |TAMS 0x0000000719a00000| PB 0x0000000719a00000| Untracked 
| 206|0x0000000719c00000, 0x0000000719e00000, 0x0000000719e00000|100%| O|  |TAMS 0x0000000719e00000| PB 0x0000000719e00000| Updating 
| 207|0x0000000719e00000, 0x000000071a000000, 0x000000071a000000|100%| O|  |TAMS 0x000000071a000000| PB 0x000000071a000000| Untracked 
| 208|0x000000071a000000, 0x000000071a200000, 0x000000071a200000|100%| O|  |TAMS 0x000000071a200000| PB 0x000000071a200000| Updating 
| 209|0x000000071a200000, 0x000000071a400000, 0x000000071a400000|100%| O|  |TAMS 0x000000071a400000| PB 0x000000071a400000| Untracked 
| 210|0x000000071a400000, 0x000000071a600000, 0x000000071a600000|100%| O|  |TAMS 0x000000071a600000| PB 0x000000071a600000| Updating 
| 211|0x000000071a600000, 0x000000071a800000, 0x000000071a800000|100%| O|  |TAMS 0x000000071a800000| PB 0x000000071a800000| Updating 
| 212|0x000000071a800000, 0x000000071aa00000, 0x000000071aa00000|100%| O|  |TAMS 0x000000071aa00000| PB 0x000000071aa00000| Updating 
| 213|0x000000071aa00000, 0x000000071ac00000, 0x000000071ac00000|100%| O|  |TAMS 0x000000071ac00000| PB 0x000000071ac00000| Updating 
| 214|0x000000071ac00000, 0x000000071ae00000, 0x000000071ae00000|100%| O|  |TAMS 0x000000071ae00000| PB 0x000000071ae00000| Updating 
| 215|0x000000071ae00000, 0x000000071b000000, 0x000000071b000000|100%| O|  |TAMS 0x000000071b000000| PB 0x000000071b000000| Updating 
| 216|0x000000071b000000, 0x000000071b200000, 0x000000071b200000|100%| O|  |TAMS 0x000000071b200000| PB 0x000000071b200000| Updating 
| 217|0x000000071b200000, 0x000000071b400000, 0x000000071b400000|100%| O|  |TAMS 0x000000071b400000| PB 0x000000071b400000| Updating 
| 218|0x000000071b400000, 0x000000071b600000, 0x000000071b600000|100%| O|  |TAMS 0x000000071b600000| PB 0x000000071b600000| Updating 
| 219|0x000000071b600000, 0x000000071b800000, 0x000000071b800000|100%| O|  |TAMS 0x000000071b800000| PB 0x000000071b800000| Updating 
| 220|0x000000071b800000, 0x000000071ba00000, 0x000000071ba00000|100%| O|  |TAMS 0x000000071ba00000| PB 0x000000071ba00000| Updating 
| 221|0x000000071ba00000, 0x000000071bc00000, 0x000000071bc00000|100%| O|  |TAMS 0x000000071bc00000| PB 0x000000071bc00000| Updating 
| 222|0x000000071bc00000, 0x000000071be00000, 0x000000071be00000|100%| O|  |TAMS 0x000000071be00000| PB 0x000000071be00000| Updating 
| 223|0x000000071be00000, 0x000000071c000000, 0x000000071c000000|100%| O|  |TAMS 0x000000071c000000| PB 0x000000071c000000| Untracked 
| 224|0x000000071c000000, 0x000000071c200000, 0x000000071c200000|100%| O|  |TAMS 0x000000071c200000| PB 0x000000071c200000| Updating 
| 225|0x000000071c200000, 0x000000071c400000, 0x000000071c400000|100%| O|  |TAMS 0x000000071c400000| PB 0x000000071c400000| Updating 
| 226|0x000000071c400000, 0x000000071c600000, 0x000000071c600000|100%| O|  |TAMS 0x000000071c600000| PB 0x000000071c600000| Updating 
| 227|0x000000071c600000, 0x000000071c800000, 0x000000071c800000|100%| O|  |TAMS 0x000000071c800000| PB 0x000000071c800000| Updating 
| 228|0x000000071c800000, 0x000000071ca00000, 0x000000071ca00000|100%| O|  |TAMS 0x000000071ca00000| PB 0x000000071ca00000| Updating 
| 229|0x000000071ca00000, 0x000000071cc00000, 0x000000071cc00000|100%|HS|  |TAMS 0x000000071cc00000| PB 0x000000071ca00000| Complete 
| 230|0x000000071cc00000, 0x000000071ce00000, 0x000000071ce00000|100%|HC|  |TAMS 0x000000071ce00000| PB 0x000000071cc00000| Complete 
| 231|0x000000071ce00000, 0x000000071d000000, 0x000000071d000000|100%|HS|  |TAMS 0x000000071d000000| PB 0x000000071ce00000| Complete 
| 232|0x000000071d000000, 0x000000071d200000, 0x000000071d200000|100%| O|  |TAMS 0x000000071d200000| PB 0x000000071d200000| Untracked 
| 233|0x000000071d200000, 0x000000071d400000, 0x000000071d400000|100%|HS|  |TAMS 0x000000071d400000| PB 0x000000071d200000| Complete 
| 234|0x000000071d400000, 0x000000071d600000, 0x000000071d600000|100%|HC|  |TAMS 0x000000071d600000| PB 0x000000071d400000| Complete 
| 235|0x000000071d600000, 0x000000071d800000, 0x000000071d800000|100%| O|  |TAMS 0x000000071d800000| PB 0x000000071d800000| Untracked 
| 236|0x000000071d800000, 0x000000071da00000, 0x000000071da00000|100%| O|  |TAMS 0x000000071da00000| PB 0x000000071da00000| Untracked 
| 237|0x000000071da00000, 0x000000071dc00000, 0x000000071dc00000|100%| O|  |TAMS 0x000000071dc00000| PB 0x000000071dc00000| Untracked 
| 238|0x000000071dc00000, 0x000000071de00000, 0x000000071de00000|100%| O|  |TAMS 0x000000071de00000| PB 0x000000071de00000| Untracked 
| 239|0x000000071de00000, 0x000000071e000000, 0x000000071e000000|100%| O|  |TAMS 0x000000071e000000| PB 0x000000071e000000| Updating 
| 240|0x000000071e000000, 0x000000071e200000, 0x000000071e200000|100%| O|  |TAMS 0x000000071e200000| PB 0x000000071e200000| Untracked 
| 241|0x000000071e200000, 0x000000071e400000, 0x000000071e400000|100%| O|  |TAMS 0x000000071e400000| PB 0x000000071e400000| Untracked 
| 242|0x000000071e400000, 0x000000071e600000, 0x000000071e600000|100%| O|  |TAMS 0x000000071e600000| PB 0x000000071e600000| Untracked 
| 243|0x000000071e600000, 0x000000071e800000, 0x000000071e800000|100%| O|  |TAMS 0x000000071e800000| PB 0x000000071e800000| Updating 
| 244|0x000000071e800000, 0x000000071ea00000, 0x000000071ea00000|100%| O|  |TAMS 0x000000071ea00000| PB 0x000000071ea00000| Untracked 
| 245|0x000000071ea00000, 0x000000071ec00000, 0x000000071ec00000|100%| O|  |TAMS 0x000000071ec00000| PB 0x000000071ec00000| Untracked 
| 246|0x000000071ec00000, 0x000000071ee00000, 0x000000071ee00000|100%| O|  |TAMS 0x000000071ee00000| PB 0x000000071ee00000| Updating 
| 247|0x000000071ee00000, 0x000000071f000000, 0x000000071f000000|100%| O|  |TAMS 0x000000071f000000| PB 0x000000071f000000| Untracked 
| 248|0x000000071f000000, 0x000000071f200000, 0x000000071f200000|100%| O|  |TAMS 0x000000071f200000| PB 0x000000071f200000| Untracked 
| 249|0x000000071f200000, 0x000000071f400000, 0x000000071f400000|100%| O|  |TAMS 0x000000071f400000| PB 0x000000071f400000| Untracked 
| 250|0x000000071f400000, 0x000000071f600000, 0x000000071f600000|100%| O|  |TAMS 0x000000071f600000| PB 0x000000071f600000| Updating 
| 251|0x000000071f600000, 0x000000071f800000, 0x000000071f800000|100%| O|  |TAMS 0x000000071f800000| PB 0x000000071f800000| Updating 
| 252|0x000000071f800000, 0x000000071fa00000, 0x000000071fa00000|100%| O|  |TAMS 0x000000071fa00000| PB 0x000000071fa00000| Updating 
| 253|0x000000071fa00000, 0x000000071fc00000, 0x000000071fc00000|100%| O|  |TAMS 0x000000071fc00000| PB 0x000000071fc00000| Updating 
| 254|0x000000071fc00000, 0x000000071fe00000, 0x000000071fe00000|100%| O|  |TAMS 0x000000071fe00000| PB 0x000000071fe00000| Updating 
| 255|0x000000071fe00000, 0x0000000720000000, 0x0000000720000000|100%| O|  |TAMS 0x0000000720000000| PB 0x0000000720000000| Untracked 
| 256|0x0000000720000000, 0x0000000720200000, 0x0000000720200000|100%| O|  |TAMS 0x0000000720200000| PB 0x0000000720200000| Updating 
| 257|0x0000000720200000, 0x0000000720400000, 0x0000000720400000|100%| O|  |TAMS 0x0000000720400000| PB 0x0000000720400000| Untracked 
| 258|0x0000000720400000, 0x0000000720600000, 0x0000000720600000|100%| O|  |TAMS 0x0000000720600000| PB 0x0000000720600000| Updating 
| 259|0x0000000720600000, 0x0000000720800000, 0x0000000720800000|100%| O|  |TAMS 0x0000000720800000| PB 0x0000000720800000| Updating 
| 260|0x0000000720800000, 0x0000000720a00000, 0x0000000720a00000|100%| O|  |TAMS 0x0000000720a00000| PB 0x0000000720a00000| Updating 
| 261|0x0000000720a00000, 0x0000000720c00000, 0x0000000720c00000|100%| O|  |TAMS 0x0000000720c00000| PB 0x0000000720c00000| Untracked 
| 262|0x0000000720c00000, 0x0000000720e00000, 0x0000000720e00000|100%| O|  |TAMS 0x0000000720e00000| PB 0x0000000720e00000| Untracked 
| 263|0x0000000720e00000, 0x0000000721000000, 0x0000000721000000|100%| O|  |TAMS 0x0000000721000000| PB 0x0000000721000000| Untracked 
| 264|0x0000000721000000, 0x0000000721200000, 0x0000000721200000|100%| O|  |TAMS 0x0000000721200000| PB 0x0000000721200000| Untracked 
| 265|0x0000000721200000, 0x0000000721400000, 0x0000000721400000|100%| O|  |TAMS 0x0000000721400000| PB 0x0000000721400000| Untracked 
| 266|0x0000000721400000, 0x0000000721600000, 0x0000000721600000|100%| O|  |TAMS 0x0000000721600000| PB 0x0000000721600000| Untracked 
| 267|0x0000000721600000, 0x0000000721800000, 0x0000000721800000|100%| O|  |TAMS 0x0000000721800000| PB 0x0000000721800000| Untracked 
| 268|0x0000000721800000, 0x0000000721a00000, 0x0000000721a00000|100%| O|  |TAMS 0x0000000721a00000| PB 0x0000000721a00000| Untracked 
| 269|0x0000000721a00000, 0x0000000721c00000, 0x0000000721c00000|100%| O|  |TAMS 0x0000000721c00000| PB 0x0000000721c00000| Updating 
| 270|0x0000000721c00000, 0x0000000721e00000, 0x0000000721e00000|100%| O|  |TAMS 0x0000000721e00000| PB 0x0000000721e00000| Updating 
| 271|0x0000000721e00000, 0x0000000722000000, 0x0000000722000000|100%| O|  |TAMS 0x0000000722000000| PB 0x0000000722000000| Updating 
| 272|0x0000000722000000, 0x0000000722200000, 0x0000000722200000|100%| O|  |TAMS 0x0000000722000000| PB 0x0000000722000000| Untracked 
| 273|0x0000000722200000, 0x0000000722400000, 0x0000000722400000|100%| O|  |TAMS 0x0000000722400000| PB 0x0000000722400000| Untracked 
| 274|0x0000000722400000, 0x0000000722600000, 0x0000000722600000|100%| O|  |TAMS 0x0000000722600000| PB 0x0000000722600000| Untracked 
| 275|0x0000000722600000, 0x0000000722800000, 0x0000000722800000|100%| O|  |TAMS 0x0000000722800000| PB 0x0000000722800000| Untracked 
| 276|0x0000000722800000, 0x0000000722a00000, 0x0000000722a00000|100%| O|  |TAMS 0x0000000722a00000| PB 0x0000000722a00000| Untracked 
| 277|0x0000000722a00000, 0x0000000722c00000, 0x0000000722c00000|100%| O|  |TAMS 0x0000000722c00000| PB 0x0000000722c00000| Untracked 
| 278|0x0000000722c00000, 0x0000000722e00000, 0x0000000722e00000|100%| O|  |TAMS 0x0000000722e00000| PB 0x0000000722e00000| Untracked 
| 279|0x0000000722e00000, 0x0000000723000000, 0x0000000723000000|100%| O|  |TAMS 0x0000000723000000| PB 0x0000000723000000| Untracked 
| 280|0x0000000723000000, 0x0000000723200000, 0x0000000723200000|100%| O|  |TAMS 0x0000000723200000| PB 0x0000000723200000| Updating 
| 281|0x0000000723200000, 0x0000000723400000, 0x0000000723400000|100%| O|  |TAMS 0x0000000723200000| PB 0x0000000723200000| Untracked 
| 282|0x0000000723400000, 0x0000000723600000, 0x0000000723600000|100%| O|  |TAMS 0x0000000723400000| PB 0x0000000723400000| Untracked 
| 283|0x0000000723600000, 0x0000000723800000, 0x0000000723800000|100%|HS|  |TAMS 0x0000000723800000| PB 0x0000000723600000| Complete 
| 284|0x0000000723800000, 0x0000000723a00000, 0x0000000723a00000|100%|HS|  |TAMS 0x0000000723a00000| PB 0x0000000723800000| Complete 
| 285|0x0000000723a00000, 0x0000000723c00000, 0x0000000723c00000|100%| O|  |TAMS 0x0000000723c00000| PB 0x0000000723c00000| Untracked 
| 286|0x0000000723c00000, 0x0000000723e00000, 0x0000000723e00000|100%| O|  |TAMS 0x0000000723e00000| PB 0x0000000723e00000| Untracked 
| 287|0x0000000723e00000, 0x0000000724000000, 0x0000000724000000|100%| O|  |TAMS 0x0000000724000000| PB 0x0000000724000000| Untracked 
| 288|0x0000000724000000, 0x0000000724200000, 0x0000000724200000|100%| O|  |TAMS 0x0000000724200000| PB 0x0000000724200000| Untracked 
| 289|0x0000000724200000, 0x0000000724400000, 0x0000000724400000|100%| O|  |TAMS 0x0000000724400000| PB 0x0000000724400000| Untracked 
| 290|0x0000000724400000, 0x0000000724600000, 0x0000000724600000|100%| O|  |TAMS 0x0000000724600000| PB 0x0000000724600000| Untracked 
| 291|0x0000000724600000, 0x0000000724800000, 0x0000000724800000|100%| O|  |TAMS 0x0000000724800000| PB 0x0000000724800000| Untracked 
| 292|0x0000000724800000, 0x0000000724a00000, 0x0000000724a00000|100%| O|  |TAMS 0x0000000724a00000| PB 0x0000000724a00000| Untracked 
| 293|0x0000000724a00000, 0x0000000724c00000, 0x0000000724c00000|100%| O|  |TAMS 0x0000000724c00000| PB 0x0000000724c00000| Untracked 
| 294|0x0000000724c00000, 0x0000000724e00000, 0x0000000724e00000|100%| O|  |TAMS 0x0000000724e00000| PB 0x0000000724e00000| Untracked 
| 295|0x0000000724e00000, 0x0000000725000000, 0x0000000725000000|100%| O|  |TAMS 0x0000000725000000| PB 0x0000000725000000| Untracked 
| 296|0x0000000725000000, 0x0000000725200000, 0x0000000725200000|100%| O|  |TAMS 0x0000000725200000| PB 0x0000000725200000| Updating 
| 297|0x0000000725200000, 0x0000000725400000, 0x0000000725400000|100%| O|  |TAMS 0x0000000725400000| PB 0x0000000725400000| Updating 
| 298|0x0000000725400000, 0x0000000725600000, 0x0000000725600000|100%| O|  |TAMS 0x0000000725600000| PB 0x0000000725600000| Untracked 
| 299|0x0000000725600000, 0x0000000725800000, 0x0000000725800000|100%| O|  |TAMS 0x0000000725600000| PB 0x0000000725600000| Untracked 
| 300|0x0000000725800000, 0x0000000725a00000, 0x0000000725a00000|100%| O|  |TAMS 0x0000000725800000| PB 0x0000000725800000| Untracked 
| 301|0x0000000725a00000, 0x0000000725c00000, 0x0000000725c00000|100%| O|  |TAMS 0x0000000725a00000| PB 0x0000000725a00000| Untracked 
| 302|0x0000000725c00000, 0x0000000725c00000, 0x0000000725e00000|  0%| F|  |TAMS 0x0000000725c00000| PB 0x0000000725c00000| Untracked 
| 303|0x0000000725e00000, 0x0000000725e00000, 0x0000000726000000|  0%| F|  |TAMS 0x0000000725e00000| PB 0x0000000725e00000| Untracked 
| 304|0x0000000726000000, 0x0000000726200000, 0x0000000726200000|100%| O|  |TAMS 0x0000000726200000| PB 0x0000000726200000| Untracked 
| 305|0x0000000726200000, 0x0000000726400000, 0x0000000726400000|100%| O|  |TAMS 0x0000000726400000| PB 0x0000000726400000| Updating 
| 306|0x0000000726400000, 0x0000000726600000, 0x0000000726600000|100%| O|  |TAMS 0x0000000726600000| PB 0x0000000726600000| Untracked 
| 307|0x0000000726600000, 0x0000000726800000, 0x0000000726800000|100%| O|  |TAMS 0x0000000726800000| PB 0x0000000726800000| Untracked 
| 308|0x0000000726800000, 0x0000000726a00000, 0x0000000726a00000|100%| O|  |TAMS 0x0000000726a00000| PB 0x0000000726a00000| Untracked 
| 309|0x0000000726a00000, 0x0000000726c00000, 0x0000000726c00000|100%| O|  |TAMS 0x0000000726c00000| PB 0x0000000726c00000| Untracked 
| 310|0x0000000726c00000, 0x0000000726e00000, 0x0000000726e00000|100%| O|  |TAMS 0x0000000726e00000| PB 0x0000000726e00000| Untracked 
| 311|0x0000000726e00000, 0x0000000727000000, 0x0000000727000000|100%| O|  |TAMS 0x0000000727000000| PB 0x0000000727000000| Untracked 
| 312|0x0000000727000000, 0x0000000727200000, 0x0000000727200000|100%| O|  |TAMS 0x0000000727200000| PB 0x0000000727200000| Untracked 
| 313|0x0000000727200000, 0x0000000727400000, 0x0000000727400000|100%| O|  |TAMS 0x0000000727400000| PB 0x0000000727400000| Untracked 
| 314|0x0000000727400000, 0x0000000727600000, 0x0000000727600000|100%| O|  |TAMS 0x0000000727600000| PB 0x0000000727600000| Untracked 
| 315|0x0000000727600000, 0x0000000727800000, 0x0000000727800000|100%| O|  |TAMS 0x0000000727800000| PB 0x0000000727800000| Untracked 
| 316|0x0000000727800000, 0x0000000727a00000, 0x0000000727a00000|100%| O|  |TAMS 0x0000000727a00000| PB 0x0000000727a00000| Untracked 
| 317|0x0000000727a00000, 0x0000000727c00000, 0x0000000727c00000|100%| O|  |TAMS 0x0000000727c00000| PB 0x0000000727c00000| Untracked 
| 318|0x0000000727c00000, 0x0000000727e00000, 0x0000000727e00000|100%| O|  |TAMS 0x0000000727e00000| PB 0x0000000727e00000| Untracked 
| 319|0x0000000727e00000, 0x0000000728000000, 0x0000000728000000|100%| O|  |TAMS 0x0000000728000000| PB 0x0000000728000000| Untracked 
| 320|0x0000000728000000, 0x0000000728200000, 0x0000000728200000|100%| O|  |TAMS 0x0000000728200000| PB 0x0000000728200000| Untracked 
| 321|0x0000000728200000, 0x0000000728400000, 0x0000000728400000|100%| O|  |TAMS 0x0000000728400000| PB 0x0000000728400000| Untracked 
| 322|0x0000000728400000, 0x0000000728600000, 0x0000000728600000|100%| O|  |TAMS 0x0000000728600000| PB 0x0000000728600000| Untracked 
| 323|0x0000000728600000, 0x0000000728800000, 0x0000000728800000|100%| O|  |TAMS 0x0000000728800000| PB 0x0000000728800000| Untracked 
| 324|0x0000000728800000, 0x0000000728a00000, 0x0000000728a00000|100%| O|  |TAMS 0x0000000728a00000| PB 0x0000000728a00000| Untracked 
| 325|0x0000000728a00000, 0x0000000728c00000, 0x0000000728c00000|100%| O|  |TAMS 0x0000000728c00000| PB 0x0000000728c00000| Updating 
| 326|0x0000000728c00000, 0x0000000728e00000, 0x0000000728e00000|100%| O|  |TAMS 0x0000000728e00000| PB 0x0000000728e00000| Updating 
| 327|0x0000000728e00000, 0x0000000729000000, 0x0000000729000000|100%| O|  |TAMS 0x0000000729000000| PB 0x0000000729000000| Updating 
| 328|0x0000000729000000, 0x0000000729200000, 0x0000000729200000|100%| O|  |TAMS 0x0000000729200000| PB 0x0000000729200000| Updating 
| 329|0x0000000729200000, 0x0000000729400000, 0x0000000729400000|100%| O|  |TAMS 0x0000000729400000| PB 0x0000000729400000| Untracked 
| 330|0x0000000729400000, 0x0000000729600000, 0x0000000729600000|100%| O|  |TAMS 0x0000000729600000| PB 0x0000000729600000| Updating 
| 331|0x0000000729600000, 0x0000000729800000, 0x0000000729800000|100%| O|  |TAMS 0x0000000729800000| PB 0x0000000729800000| Untracked 
| 332|0x0000000729800000, 0x0000000729a00000, 0x0000000729a00000|100%| O|  |TAMS 0x0000000729a00000| PB 0x0000000729a00000| Updating 
| 333|0x0000000729a00000, 0x0000000729c00000, 0x0000000729c00000|100%| O|  |TAMS 0x0000000729c00000| PB 0x0000000729c00000| Untracked 
| 334|0x0000000729c00000, 0x0000000729e00000, 0x0000000729e00000|100%| O|  |TAMS 0x0000000729e00000| PB 0x0000000729e00000| Untracked 
| 335|0x0000000729e00000, 0x000000072a000000, 0x000000072a000000|100%| O|  |TAMS 0x000000072a000000| PB 0x000000072a000000| Untracked 
| 336|0x000000072a000000, 0x000000072a200000, 0x000000072a200000|100%| O|  |TAMS 0x000000072a200000| PB 0x000000072a200000| Untracked 
| 337|0x000000072a200000, 0x000000072a400000, 0x000000072a400000|100%| O|  |TAMS 0x000000072a400000| PB 0x000000072a400000| Untracked 
| 338|0x000000072a400000, 0x000000072a600000, 0x000000072a600000|100%| O|  |TAMS 0x000000072a600000| PB 0x000000072a600000| Untracked 
| 339|0x000000072a600000, 0x000000072a800000, 0x000000072a800000|100%| O|  |TAMS 0x000000072a800000| PB 0x000000072a800000| Untracked 
| 340|0x000000072a800000, 0x000000072aa00000, 0x000000072aa00000|100%| O|  |TAMS 0x000000072aa00000| PB 0x000000072aa00000| Untracked 
| 341|0x000000072aa00000, 0x000000072ac00000, 0x000000072ac00000|100%| O|  |TAMS 0x000000072ac00000| PB 0x000000072ac00000| Untracked 
| 342|0x000000072ac00000, 0x000000072ae00000, 0x000000072ae00000|100%| O|  |TAMS 0x000000072ae00000| PB 0x000000072ae00000| Untracked 
| 343|0x000000072ae00000, 0x000000072b000000, 0x000000072b000000|100%| O|  |TAMS 0x000000072b000000| PB 0x000000072b000000| Untracked 
| 344|0x000000072b000000, 0x000000072b200000, 0x000000072b200000|100%| O|  |TAMS 0x000000072b000000| PB 0x000000072b000000| Untracked 
| 345|0x000000072b200000, 0x000000072b400000, 0x000000072b400000|100%| O|  |TAMS 0x000000072b200000| PB 0x000000072b200000| Untracked 
| 346|0x000000072b400000, 0x000000072b600000, 0x000000072b600000|100%| O|  |TAMS 0x000000072b400000| PB 0x000000072b400000| Untracked 
| 347|0x000000072b600000, 0x000000072b800000, 0x000000072b800000|100%| O|  |TAMS 0x000000072b600000| PB 0x000000072b600000| Untracked 
| 348|0x000000072b800000, 0x000000072ba00000, 0x000000072ba00000|100%| O|  |TAMS 0x000000072ba00000| PB 0x000000072ba00000| Updating 
| 349|0x000000072ba00000, 0x000000072bc00000, 0x000000072bc00000|100%| O|  |TAMS 0x000000072bc00000| PB 0x000000072bc00000| Updating 
| 350|0x000000072bc00000, 0x000000072be00000, 0x000000072be00000|100%| O|  |TAMS 0x000000072be00000| PB 0x000000072be00000| Updating 
| 351|0x000000072be00000, 0x000000072c000000, 0x000000072c000000|100%| O|  |TAMS 0x000000072c000000| PB 0x000000072c000000| Updating 
| 352|0x000000072c000000, 0x000000072c200000, 0x000000072c200000|100%| O|  |TAMS 0x000000072c200000| PB 0x000000072c200000| Updating 
| 353|0x000000072c200000, 0x000000072c400000, 0x000000072c400000|100%| O|  |TAMS 0x000000072c400000| PB 0x000000072c400000| Updating 
| 354|0x000000072c400000, 0x000000072c600000, 0x000000072c600000|100%| O|  |TAMS 0x000000072c600000| PB 0x000000072c600000| Updating 
| 355|0x000000072c600000, 0x000000072c800000, 0x000000072c800000|100%| O|  |TAMS 0x000000072c800000| PB 0x000000072c800000| Updating 
| 356|0x000000072c800000, 0x000000072ca00000, 0x000000072ca00000|100%| O|  |TAMS 0x000000072ca00000| PB 0x000000072ca00000| Updating 
| 357|0x000000072ca00000, 0x000000072cc00000, 0x000000072cc00000|100%| O|  |TAMS 0x000000072cc00000| PB 0x000000072cc00000| Updating 
| 358|0x000000072cc00000, 0x000000072ce00000, 0x000000072ce00000|100%| O|  |TAMS 0x000000072ce00000| PB 0x000000072ce00000| Updating 
| 359|0x000000072ce00000, 0x000000072d000000, 0x000000072d000000|100%| O|  |TAMS 0x000000072d000000| PB 0x000000072d000000| Updating 
| 360|0x000000072d000000, 0x000000072d200000, 0x000000072d200000|100%| O|  |TAMS 0x000000072d200000| PB 0x000000072d200000| Updating 
| 361|0x000000072d200000, 0x000000072d400000, 0x000000072d400000|100%| O|  |TAMS 0x000000072d400000| PB 0x000000072d400000| Updating 
| 362|0x000000072d400000, 0x000000072d600000, 0x000000072d600000|100%| O|  |TAMS 0x000000072d600000| PB 0x000000072d600000| Updating 
| 363|0x000000072d600000, 0x000000072d800000, 0x000000072d800000|100%| O|  |TAMS 0x000000072d800000| PB 0x000000072d800000| Updating 
| 364|0x000000072d800000, 0x000000072da00000, 0x000000072da00000|100%| O|  |TAMS 0x000000072da00000| PB 0x000000072da00000| Updating 
| 365|0x000000072da00000, 0x000000072dc00000, 0x000000072dc00000|100%| O|  |TAMS 0x000000072dc00000| PB 0x000000072dc00000| Updating 
| 366|0x000000072dc00000, 0x000000072de00000, 0x000000072de00000|100%| O|  |TAMS 0x000000072de00000| PB 0x000000072de00000| Updating 
| 367|0x000000072de00000, 0x000000072e000000, 0x000000072e000000|100%| O|  |TAMS 0x000000072e000000| PB 0x000000072e000000| Updating 
| 368|0x000000072e000000, 0x000000072e200000, 0x000000072e200000|100%| O|  |TAMS 0x000000072e200000| PB 0x000000072e200000| Updating 
| 369|0x000000072e200000, 0x000000072e400000, 0x000000072e400000|100%| O|  |TAMS 0x000000072e400000| PB 0x000000072e400000| Updating 
| 370|0x000000072e400000, 0x000000072e600000, 0x000000072e600000|100%| O|  |TAMS 0x000000072e600000| PB 0x000000072e600000| Updating 
| 371|0x000000072e600000, 0x000000072e800000, 0x000000072e800000|100%| O|  |TAMS 0x000000072e800000| PB 0x000000072e800000| Updating 
| 372|0x000000072e800000, 0x000000072ea00000, 0x000000072ea00000|100%| O|  |TAMS 0x000000072ea00000| PB 0x000000072ea00000| Updating 
| 373|0x000000072ea00000, 0x000000072ec00000, 0x000000072ec00000|100%| O|  |TAMS 0x000000072ec00000| PB 0x000000072ec00000| Updating 
| 374|0x000000072ec00000, 0x000000072ee00000, 0x000000072ee00000|100%| O|  |TAMS 0x000000072ee00000| PB 0x000000072ee00000| Updating 
| 375|0x000000072ee00000, 0x000000072f000000, 0x000000072f000000|100%| O|  |TAMS 0x000000072f000000| PB 0x000000072f000000| Updating 
| 376|0x000000072f000000, 0x000000072f200000, 0x000000072f200000|100%| O|  |TAMS 0x000000072f200000| PB 0x000000072f200000| Updating 
| 377|0x000000072f200000, 0x000000072f400000, 0x000000072f400000|100%|HS|  |TAMS 0x000000072f400000| PB 0x000000072f200000| Complete 
| 378|0x000000072f400000, 0x000000072f600000, 0x000000072f600000|100%|HC|  |TAMS 0x000000072f600000| PB 0x000000072f400000| Complete 
| 379|0x000000072f600000, 0x000000072f800000, 0x000000072f800000|100%|HS|  |TAMS 0x000000072f800000| PB 0x000000072f600000| Complete 
| 380|0x000000072f800000, 0x000000072fa00000, 0x000000072fa00000|100%|HC|  |TAMS 0x000000072fa00000| PB 0x000000072f800000| Complete 
| 381|0x000000072fa00000, 0x000000072fc00000, 0x000000072fc00000|100%| O|  |TAMS 0x000000072fc00000| PB 0x000000072fc00000| Untracked 
| 382|0x000000072fc00000, 0x000000072fe00000, 0x000000072fe00000|100%| O|  |TAMS 0x000000072fe00000| PB 0x000000072fe00000| Untracked 
| 383|0x000000072fe00000, 0x0000000730000000, 0x0000000730000000|100%|HS|  |TAMS 0x0000000730000000| PB 0x000000072fe00000| Complete 
| 384|0x0000000730000000, 0x0000000730200000, 0x0000000730200000|100%|HC|  |TAMS 0x0000000730200000| PB 0x0000000730000000| Complete 
| 385|0x0000000730200000, 0x0000000730400000, 0x0000000730400000|100%|HC|  |TAMS 0x0000000730400000| PB 0x0000000730200000| Complete 
| 386|0x0000000730400000, 0x0000000730600000, 0x0000000730600000|100%|HC|  |TAMS 0x0000000730600000| PB 0x0000000730400000| Complete 
| 387|0x0000000730600000, 0x0000000730800000, 0x0000000730800000|100%|HS|  |TAMS 0x0000000730800000| PB 0x0000000730600000| Complete 
| 388|0x0000000730800000, 0x0000000730a00000, 0x0000000730a00000|100%|HS|  |TAMS 0x0000000730a00000| PB 0x0000000730800000| Complete 
| 389|0x0000000730a00000, 0x0000000730c00000, 0x0000000730c00000|100%|HS|  |TAMS 0x0000000730c00000| PB 0x0000000730a00000| Complete 
| 390|0x0000000730c00000, 0x0000000730e00000, 0x0000000730e00000|100%| O|  |TAMS 0x0000000730e00000| PB 0x0000000730e00000| Untracked 
| 391|0x0000000730e00000, 0x0000000731000000, 0x0000000731000000|100%| O|  |TAMS 0x0000000731000000| PB 0x0000000731000000| Untracked 
| 392|0x0000000731000000, 0x0000000731200000, 0x0000000731200000|100%| O|  |TAMS 0x0000000731200000| PB 0x0000000731200000| Untracked 
| 393|0x0000000731200000, 0x0000000731400000, 0x0000000731400000|100%| O|  |TAMS 0x0000000731400000| PB 0x0000000731400000| Untracked 
| 394|0x0000000731400000, 0x0000000731600000, 0x0000000731600000|100%| O|  |TAMS 0x0000000731600000| PB 0x0000000731600000| Untracked 
| 395|0x0000000731600000, 0x0000000731800000, 0x0000000731800000|100%| O|  |TAMS 0x0000000731800000| PB 0x0000000731800000| Untracked 
| 396|0x0000000731800000, 0x0000000731a00000, 0x0000000731a00000|100%| O|  |TAMS 0x0000000731a00000| PB 0x0000000731a00000| Untracked 
| 397|0x0000000731a00000, 0x0000000731c00000, 0x0000000731c00000|100%| O|  |TAMS 0x0000000731c00000| PB 0x0000000731c00000| Untracked 
| 398|0x0000000731c00000, 0x0000000731e00000, 0x0000000731e00000|100%| O|  |TAMS 0x0000000731e00000| PB 0x0000000731e00000| Untracked 
| 399|0x0000000731e00000, 0x0000000732000000, 0x0000000732000000|100%| O|  |TAMS 0x0000000732000000| PB 0x0000000732000000| Untracked 
| 400|0x0000000732000000, 0x0000000732200000, 0x0000000732200000|100%| O|  |TAMS 0x0000000732200000| PB 0x0000000732200000| Untracked 
| 401|0x0000000732200000, 0x0000000732400000, 0x0000000732400000|100%| O|  |TAMS 0x0000000732400000| PB 0x0000000732400000| Untracked 
| 402|0x0000000732400000, 0x0000000732600000, 0x0000000732600000|100%| O|  |TAMS 0x0000000732600000| PB 0x0000000732600000| Updating 
| 403|0x0000000732600000, 0x0000000732800000, 0x0000000732800000|100%| O|  |TAMS 0x0000000732800000| PB 0x0000000732800000| Untracked 
| 404|0x0000000732800000, 0x0000000732a00000, 0x0000000732a00000|100%| O|  |TAMS 0x0000000732a00000| PB 0x0000000732a00000| Untracked 
| 405|0x0000000732a00000, 0x0000000732c00000, 0x0000000732c00000|100%| O|  |TAMS 0x0000000732c00000| PB 0x0000000732c00000| Untracked 
| 406|0x0000000732c00000, 0x0000000732e00000, 0x0000000732e00000|100%| O|  |TAMS 0x0000000732e00000| PB 0x0000000732e00000| Untracked 
| 407|0x0000000732e00000, 0x0000000733000000, 0x0000000733000000|100%| O|  |TAMS 0x0000000733000000| PB 0x0000000733000000| Untracked 
| 408|0x0000000733000000, 0x0000000733200000, 0x0000000733200000|100%| O|  |TAMS 0x0000000733200000| PB 0x0000000733200000| Untracked 
| 409|0x0000000733200000, 0x0000000733400000, 0x0000000733400000|100%| O|  |TAMS 0x0000000733400000| PB 0x0000000733400000| Untracked 
| 410|0x0000000733400000, 0x0000000733600000, 0x0000000733600000|100%| O|  |TAMS 0x0000000733600000| PB 0x0000000733600000| Updating 
| 411|0x0000000733600000, 0x0000000733800000, 0x0000000733800000|100%| O|  |TAMS 0x0000000733800000| PB 0x0000000733800000| Untracked 
| 412|0x0000000733800000, 0x0000000733a00000, 0x0000000733a00000|100%| O|  |TAMS 0x0000000733a00000| PB 0x0000000733a00000| Updating 
| 413|0x0000000733a00000, 0x0000000733c00000, 0x0000000733c00000|100%| O|  |TAMS 0x0000000733c00000| PB 0x0000000733c00000| Untracked 
| 414|0x0000000733c00000, 0x0000000733e00000, 0x0000000733e00000|100%| O|  |TAMS 0x0000000733e00000| PB 0x0000000733e00000| Updating 
| 415|0x0000000733e00000, 0x0000000734000000, 0x0000000734000000|100%| O|  |TAMS 0x0000000734000000| PB 0x0000000734000000| Untracked 
| 416|0x0000000734000000, 0x0000000734200000, 0x0000000734200000|100%| O|  |TAMS 0x0000000734200000| PB 0x0000000734200000| Untracked 
| 417|0x0000000734200000, 0x0000000734400000, 0x0000000734400000|100%| O|  |TAMS 0x0000000734400000| PB 0x0000000734400000| Untracked 
| 418|0x0000000734400000, 0x0000000734600000, 0x0000000734600000|100%| O|  |TAMS 0x0000000734600000| PB 0x0000000734600000| Untracked 
| 419|0x0000000734600000, 0x0000000734800000, 0x0000000734800000|100%| O|  |TAMS 0x0000000734800000| PB 0x0000000734800000| Untracked 
| 420|0x0000000734800000, 0x0000000734a00000, 0x0000000734a00000|100%| O|  |TAMS 0x0000000734a00000| PB 0x0000000734a00000| Untracked 
| 421|0x0000000734a00000, 0x0000000734c00000, 0x0000000734c00000|100%| O|  |TAMS 0x0000000734c00000| PB 0x0000000734c00000| Untracked 
| 422|0x0000000734c00000, 0x0000000734e00000, 0x0000000734e00000|100%| O|  |TAMS 0x0000000734e00000| PB 0x0000000734e00000| Untracked 
| 423|0x0000000734e00000, 0x0000000735000000, 0x0000000735000000|100%| O|  |TAMS 0x0000000735000000| PB 0x0000000735000000| Untracked 
| 424|0x0000000735000000, 0x0000000735200000, 0x0000000735200000|100%| O|  |TAMS 0x0000000735200000| PB 0x0000000735200000| Untracked 
| 425|0x0000000735200000, 0x0000000735400000, 0x0000000735400000|100%| O|  |TAMS 0x0000000735400000| PB 0x0000000735400000| Untracked 
| 426|0x0000000735400000, 0x0000000735600000, 0x0000000735600000|100%| O|  |TAMS 0x0000000735600000| PB 0x0000000735600000| Updating 
| 427|0x0000000735600000, 0x0000000735800000, 0x0000000735800000|100%| O|  |TAMS 0x0000000735800000| PB 0x0000000735800000| Updating 
| 428|0x0000000735800000, 0x0000000735a00000, 0x0000000735a00000|100%| O|  |TAMS 0x0000000735a00000| PB 0x0000000735a00000| Updating 
| 429|0x0000000735a00000, 0x0000000735c00000, 0x0000000735c00000|100%| O|  |TAMS 0x0000000735bfe150| PB 0x0000000735bfe150| Updating 
| 430|0x0000000735c00000, 0x0000000735e00000, 0x0000000735e00000|100%| O|  |TAMS 0x0000000735c00000| PB 0x0000000735c00000| Untracked 
| 431|0x0000000735e00000, 0x0000000736000000, 0x0000000736000000|100%| O|  |TAMS 0x0000000735e00000| PB 0x0000000735e00000| Untracked 
| 432|0x0000000736000000, 0x0000000736200000, 0x0000000736200000|100%| O|  |TAMS 0x0000000736000000| PB 0x0000000736000000| Untracked 
| 433|0x0000000736200000, 0x0000000736400000, 0x0000000736400000|100%| O|  |TAMS 0x0000000736200000| PB 0x0000000736200000| Untracked 
| 434|0x0000000736400000, 0x0000000736600000, 0x0000000736600000|100%| O|  |TAMS 0x0000000736400000| PB 0x0000000736400000| Untracked 
| 435|0x0000000736600000, 0x0000000736800000, 0x0000000736800000|100%| O|  |TAMS 0x0000000736600000| PB 0x0000000736600000| Untracked 
| 436|0x0000000736800000, 0x0000000736a00000, 0x0000000736a00000|100%| O|  |TAMS 0x0000000736800000| PB 0x0000000736800000| Untracked 
| 437|0x0000000736a00000, 0x0000000736c00000, 0x0000000736c00000|100%| O|  |TAMS 0x0000000736a00000| PB 0x0000000736a00000| Untracked 
| 438|0x0000000736c00000, 0x0000000736e00000, 0x0000000736e00000|100%| O|  |TAMS 0x0000000736c00000| PB 0x0000000736c00000| Untracked 
| 439|0x0000000736e00000, 0x0000000737000000, 0x0000000737000000|100%| O|  |TAMS 0x0000000736e00000| PB 0x0000000736e00000| Untracked 
| 440|0x0000000737000000, 0x0000000737200000, 0x0000000737200000|100%| O|  |TAMS 0x0000000737000000| PB 0x0000000737000000| Untracked 
| 441|0x0000000737200000, 0x0000000737400000, 0x0000000737400000|100%| O|  |TAMS 0x0000000737200000| PB 0x0000000737200000| Untracked 
| 442|0x0000000737400000, 0x0000000737600000, 0x0000000737600000|100%| O|  |TAMS 0x0000000737400000| PB 0x0000000737400000| Untracked 
| 443|0x0000000737600000, 0x0000000737800000, 0x0000000737800000|100%| O|  |TAMS 0x0000000737600000| PB 0x0000000737600000| Untracked 
| 444|0x0000000737800000, 0x0000000737a00000, 0x0000000737a00000|100%| O|  |TAMS 0x0000000737800000| PB 0x0000000737800000| Untracked 
| 445|0x0000000737a00000, 0x0000000737c00000, 0x0000000737c00000|100%| O|  |TAMS 0x0000000737a00000| PB 0x0000000737a00000| Untracked 
| 446|0x0000000737c00000, 0x0000000737e00000, 0x0000000737e00000|100%| O|  |TAMS 0x0000000737c00000| PB 0x0000000737c00000| Untracked 
| 447|0x0000000737e00000, 0x0000000738000000, 0x0000000738000000|100%| O|  |TAMS 0x0000000737e00000| PB 0x0000000737e00000| Untracked 
| 448|0x0000000738000000, 0x0000000738200000, 0x0000000738200000|100%| O|  |TAMS 0x0000000738000000| PB 0x0000000738000000| Untracked 
| 449|0x0000000738200000, 0x0000000738400000, 0x0000000738400000|100%| O|  |TAMS 0x0000000738200000| PB 0x0000000738200000| Untracked 
| 450|0x0000000738400000, 0x0000000738600000, 0x0000000738600000|100%| O|  |TAMS 0x0000000738400000| PB 0x0000000738400000| Untracked 
| 451|0x0000000738600000, 0x0000000738800000, 0x0000000738800000|100%| O|  |TAMS 0x0000000738600000| PB 0x0000000738600000| Untracked 
| 452|0x0000000738800000, 0x0000000738a00000, 0x0000000738a00000|100%| O|  |TAMS 0x0000000738800000| PB 0x0000000738800000| Untracked 
| 453|0x0000000738a00000, 0x0000000738c00000, 0x0000000738c00000|100%| O|  |TAMS 0x0000000738a00000| PB 0x0000000738a00000| Untracked 
| 454|0x0000000738c00000, 0x0000000738e00000, 0x0000000738e00000|100%| O|  |TAMS 0x0000000738c00000| PB 0x0000000738c00000| Untracked 
| 455|0x0000000738e00000, 0x0000000739000000, 0x0000000739000000|100%| O|  |TAMS 0x0000000738e00000| PB 0x0000000738e00000| Untracked 
| 456|0x0000000739000000, 0x0000000739200000, 0x0000000739200000|100%| O|  |TAMS 0x0000000739000000| PB 0x0000000739000000| Untracked 
| 457|0x0000000739200000, 0x0000000739400000, 0x0000000739400000|100%| O|  |TAMS 0x0000000739200000| PB 0x0000000739200000| Untracked 
| 458|0x0000000739400000, 0x0000000739600000, 0x0000000739600000|100%| O|  |TAMS 0x0000000739400000| PB 0x0000000739400000| Untracked 
| 459|0x0000000739600000, 0x0000000739800000, 0x0000000739800000|100%| O|  |TAMS 0x0000000739600000| PB 0x0000000739600000| Untracked 
| 460|0x0000000739800000, 0x0000000739a00000, 0x0000000739a00000|100%| O|  |TAMS 0x0000000739800000| PB 0x0000000739800000| Untracked 
| 461|0x0000000739a00000, 0x0000000739c00000, 0x0000000739c00000|100%| O|  |TAMS 0x0000000739a00000| PB 0x0000000739a00000| Untracked 
| 462|0x0000000739c00000, 0x0000000739e00000, 0x0000000739e00000|100%| O|  |TAMS 0x0000000739c00000| PB 0x0000000739c00000| Untracked 
| 463|0x0000000739e00000, 0x000000073a000000, 0x000000073a000000|100%| O|  |TAMS 0x0000000739e00000| PB 0x0000000739e00000| Untracked 
| 464|0x000000073a000000, 0x000000073a200000, 0x000000073a200000|100%| O|  |TAMS 0x000000073a000000| PB 0x000000073a000000| Untracked 
| 465|0x000000073a200000, 0x000000073a400000, 0x000000073a400000|100%| O|  |TAMS 0x000000073a200000| PB 0x000000073a200000| Untracked 
| 466|0x000000073a400000, 0x000000073a600000, 0x000000073a600000|100%| O|  |TAMS 0x000000073a400000| PB 0x000000073a400000| Untracked 
| 467|0x000000073a600000, 0x000000073a800000, 0x000000073a800000|100%| O|  |TAMS 0x000000073a600000| PB 0x000000073a600000| Untracked 
| 468|0x000000073a800000, 0x000000073aa00000, 0x000000073aa00000|100%| O|  |TAMS 0x000000073a800000| PB 0x000000073a800000| Untracked 
| 469|0x000000073aa00000, 0x000000073ac00000, 0x000000073ac00000|100%| O|  |TAMS 0x000000073aa00000| PB 0x000000073aa00000| Untracked 
| 470|0x000000073ac00000, 0x000000073ae00000, 0x000000073ae00000|100%| O|  |TAMS 0x000000073ac00000| PB 0x000000073ac00000| Untracked 
| 471|0x000000073ae00000, 0x000000073b000000, 0x000000073b000000|100%| O|  |TAMS 0x000000073ae00000| PB 0x000000073ae00000| Untracked 
| 472|0x000000073b000000, 0x000000073b200000, 0x000000073b200000|100%| O|  |TAMS 0x000000073b000000| PB 0x000000073b000000| Untracked 
| 473|0x000000073b200000, 0x000000073b400000, 0x000000073b400000|100%| O|  |TAMS 0x000000073b200000| PB 0x000000073b200000| Untracked 
| 474|0x000000073b400000, 0x000000073b600000, 0x000000073b600000|100%| O|  |TAMS 0x000000073b400000| PB 0x000000073b400000| Untracked 
| 475|0x000000073b600000, 0x000000073b800000, 0x000000073b800000|100%| O|  |TAMS 0x000000073b600000| PB 0x000000073b600000| Untracked 
| 476|0x000000073b800000, 0x000000073ba00000, 0x000000073ba00000|100%| O|  |TAMS 0x000000073b800000| PB 0x000000073b800000| Untracked 
| 477|0x000000073ba00000, 0x000000073bc00000, 0x000000073bc00000|100%| O|  |TAMS 0x000000073ba00000| PB 0x000000073ba00000| Untracked 
| 478|0x000000073bc00000, 0x000000073be00000, 0x000000073be00000|100%| O|  |TAMS 0x000000073bc00000| PB 0x000000073bc00000| Untracked 
| 479|0x000000073be00000, 0x000000073c000000, 0x000000073c000000|100%| O|  |TAMS 0x000000073be00000| PB 0x000000073be00000| Untracked 
| 480|0x000000073c000000, 0x000000073c200000, 0x000000073c200000|100%| O|  |TAMS 0x000000073c000000| PB 0x000000073c000000| Untracked 
| 481|0x000000073c200000, 0x000000073c400000, 0x000000073c400000|100%| O|  |TAMS 0x000000073c200000| PB 0x000000073c200000| Untracked 
| 482|0x000000073c400000, 0x000000073c600000, 0x000000073c600000|100%| O|  |TAMS 0x000000073c400000| PB 0x000000073c400000| Untracked 
| 483|0x000000073c600000, 0x000000073c800000, 0x000000073c800000|100%| O|  |TAMS 0x000000073c600000| PB 0x000000073c600000| Untracked 
| 484|0x000000073c800000, 0x000000073ca00000, 0x000000073ca00000|100%| O|  |TAMS 0x000000073c800000| PB 0x000000073c800000| Untracked 
| 485|0x000000073ca00000, 0x000000073cc00000, 0x000000073cc00000|100%| O|  |TAMS 0x000000073ca00000| PB 0x000000073ca00000| Untracked 
| 486|0x000000073cc00000, 0x000000073ce00000, 0x000000073ce00000|100%| O|  |TAMS 0x000000073cc00000| PB 0x000000073cc00000| Untracked 
| 487|0x000000073ce00000, 0x000000073d000000, 0x000000073d000000|100%| O|  |TAMS 0x000000073ce00000| PB 0x000000073ce00000| Untracked 
| 488|0x000000073d000000, 0x000000073d200000, 0x000000073d200000|100%| O|  |TAMS 0x000000073d000000| PB 0x000000073d000000| Untracked 
| 489|0x000000073d200000, 0x000000073d400000, 0x000000073d400000|100%| O|  |TAMS 0x000000073d200000| PB 0x000000073d200000| Untracked 
| 490|0x000000073d400000, 0x000000073d600000, 0x000000073d600000|100%| O|  |TAMS 0x000000073d400000| PB 0x000000073d400000| Untracked 
| 491|0x000000073d600000, 0x000000073d800000, 0x000000073d800000|100%| O|  |TAMS 0x000000073d600000| PB 0x000000073d600000| Untracked 
| 492|0x000000073d800000, 0x000000073da00000, 0x000000073da00000|100%| O|  |TAMS 0x000000073d800000| PB 0x000000073d800000| Untracked 
| 493|0x000000073da00000, 0x000000073dc00000, 0x000000073dc00000|100%| O|  |TAMS 0x000000073da00000| PB 0x000000073da00000| Untracked 
| 494|0x000000073dc00000, 0x000000073de00000, 0x000000073de00000|100%| O|  |TAMS 0x000000073dc00000| PB 0x000000073dc00000| Untracked 
| 495|0x000000073de00000, 0x000000073e000000, 0x000000073e000000|100%| O|  |TAMS 0x000000073de00000| PB 0x000000073de00000| Untracked 
| 496|0x000000073e000000, 0x000000073e200000, 0x000000073e200000|100%| O|  |TAMS 0x000000073e000000| PB 0x000000073e000000| Untracked 
| 497|0x000000073e200000, 0x000000073e400000, 0x000000073e400000|100%| O|  |TAMS 0x000000073e200000| PB 0x000000073e200000| Untracked 
| 498|0x000000073e400000, 0x000000073e600000, 0x000000073e600000|100%| O|  |TAMS 0x000000073e400000| PB 0x000000073e400000| Untracked 
| 499|0x000000073e600000, 0x000000073e600000, 0x000000073e800000|  0%| F|  |TAMS 0x000000073e600000| PB 0x000000073e600000| Untracked 
| 500|0x000000073e800000, 0x000000073e800000, 0x000000073ea00000|  0%| F|  |TAMS 0x000000073e800000| PB 0x000000073e800000| Untracked 
| 501|0x000000073ea00000, 0x000000073ea00000, 0x000000073ec00000|  0%| F|  |TAMS 0x000000073ea00000| PB 0x000000073ea00000| Untracked 
| 502|0x000000073ec00000, 0x000000073ec00000, 0x000000073ee00000|  0%| F|  |TAMS 0x000000073ec00000| PB 0x000000073ec00000| Untracked 
| 503|0x000000073ee00000, 0x000000073ee00000, 0x000000073f000000|  0%| F|  |TAMS 0x000000073ee00000| PB 0x000000073ee00000| Untracked 
| 504|0x000000073f000000, 0x000000073f000000, 0x000000073f200000|  0%| F|  |TAMS 0x000000073f000000| PB 0x000000073f000000| Untracked 
| 505|0x000000073f200000, 0x000000073f200000, 0x000000073f400000|  0%| F|  |TAMS 0x000000073f200000| PB 0x000000073f200000| Untracked 
| 506|0x000000073f400000, 0x000000073f400000, 0x000000073f600000|  0%| F|  |TAMS 0x000000073f400000| PB 0x000000073f400000| Untracked 
| 507|0x000000073f600000, 0x000000073f600000, 0x000000073f800000|  0%| F|  |TAMS 0x000000073f600000| PB 0x000000073f600000| Untracked 
| 508|0x000000073f800000, 0x000000073f800000, 0x000000073fa00000|  0%| F|  |TAMS 0x000000073f800000| PB 0x000000073f800000| Untracked 
| 509|0x000000073fa00000, 0x000000073fa00000, 0x000000073fc00000|  0%| F|  |TAMS 0x000000073fa00000| PB 0x000000073fa00000| Untracked 
| 510|0x000000073fc00000, 0x000000073fc00000, 0x000000073fe00000|  0%| F|  |TAMS 0x000000073fc00000| PB 0x000000073fc00000| Untracked 
| 511|0x000000073fe00000, 0x000000073fe00000, 0x0000000740000000|  0%| F|  |TAMS 0x000000073fe00000| PB 0x000000073fe00000| Untracked 
| 512|0x0000000740000000, 0x0000000740000000, 0x0000000740200000|  0%| F|  |TAMS 0x0000000740000000| PB 0x0000000740000000| Untracked 
| 513|0x0000000740200000, 0x0000000740200000, 0x0000000740400000|  0%| F|  |TAMS 0x0000000740200000| PB 0x0000000740200000| Untracked 
| 514|0x0000000740400000, 0x0000000740400000, 0x0000000740600000|  0%| F|  |TAMS 0x0000000740400000| PB 0x0000000740400000| Untracked 
| 515|0x0000000740600000, 0x0000000740600000, 0x0000000740800000|  0%| F|  |TAMS 0x0000000740600000| PB 0x0000000740600000| Untracked 
| 516|0x0000000740800000, 0x0000000740800000, 0x0000000740a00000|  0%| F|  |TAMS 0x0000000740800000| PB 0x0000000740800000| Untracked 
| 517|0x0000000740a00000, 0x0000000740a00000, 0x0000000740c00000|  0%| F|  |TAMS 0x0000000740a00000| PB 0x0000000740a00000| Untracked 
| 518|0x0000000740c00000, 0x0000000740c00000, 0x0000000740e00000|  0%| F|  |TAMS 0x0000000740c00000| PB 0x0000000740c00000| Untracked 
| 519|0x0000000740e00000, 0x0000000740e00000, 0x0000000741000000|  0%| F|  |TAMS 0x0000000740e00000| PB 0x0000000740e00000| Untracked 
| 520|0x0000000741000000, 0x0000000741000000, 0x0000000741200000|  0%| F|  |TAMS 0x0000000741000000| PB 0x0000000741000000| Untracked 
| 521|0x0000000741200000, 0x0000000741200000, 0x0000000741400000|  0%| F|  |TAMS 0x0000000741200000| PB 0x0000000741200000| Untracked 
| 522|0x0000000741400000, 0x0000000741400000, 0x0000000741600000|  0%| F|  |TAMS 0x0000000741400000| PB 0x0000000741400000| Untracked 
| 523|0x0000000741600000, 0x0000000741600000, 0x0000000741800000|  0%| F|  |TAMS 0x0000000741600000| PB 0x0000000741600000| Untracked 
| 524|0x0000000741800000, 0x0000000741800000, 0x0000000741a00000|  0%| F|  |TAMS 0x0000000741800000| PB 0x0000000741800000| Untracked 
| 525|0x0000000741a00000, 0x0000000741a00000, 0x0000000741c00000|  0%| F|  |TAMS 0x0000000741a00000| PB 0x0000000741a00000| Untracked 
| 526|0x0000000741c00000, 0x0000000741c00000, 0x0000000741e00000|  0%| F|  |TAMS 0x0000000741c00000| PB 0x0000000741c00000| Untracked 
| 527|0x0000000741e00000, 0x0000000741e00000, 0x0000000742000000|  0%| F|  |TAMS 0x0000000741e00000| PB 0x0000000741e00000| Untracked 
| 528|0x0000000742000000, 0x0000000742000000, 0x0000000742200000|  0%| F|  |TAMS 0x0000000742000000| PB 0x0000000742000000| Untracked 
| 529|0x0000000742200000, 0x0000000742200000, 0x0000000742400000|  0%| F|  |TAMS 0x0000000742200000| PB 0x0000000742200000| Untracked 
| 530|0x0000000742400000, 0x0000000742400000, 0x0000000742600000|  0%| F|  |TAMS 0x0000000742400000| PB 0x0000000742400000| Untracked 
| 531|0x0000000742600000, 0x0000000742600000, 0x0000000742800000|  0%| F|  |TAMS 0x0000000742600000| PB 0x0000000742600000| Untracked 
| 532|0x0000000742800000, 0x0000000742800000, 0x0000000742a00000|  0%| F|  |TAMS 0x0000000742800000| PB 0x0000000742800000| Untracked 
| 533|0x0000000742a00000, 0x0000000742a00000, 0x0000000742c00000|  0%| F|  |TAMS 0x0000000742a00000| PB 0x0000000742a00000| Untracked 
| 534|0x0000000742c00000, 0x0000000742c00000, 0x0000000742e00000|  0%| F|  |TAMS 0x0000000742c00000| PB 0x0000000742c00000| Untracked 
| 535|0x0000000742e00000, 0x0000000742e00000, 0x0000000743000000|  0%| F|  |TAMS 0x0000000742e00000| PB 0x0000000742e00000| Untracked 
| 536|0x0000000743000000, 0x0000000743000000, 0x0000000743200000|  0%| F|  |TAMS 0x0000000743000000| PB 0x0000000743000000| Untracked 
| 537|0x0000000743200000, 0x0000000743200000, 0x0000000743400000|  0%| F|  |TAMS 0x0000000743200000| PB 0x0000000743200000| Untracked 
| 538|0x0000000743400000, 0x0000000743400000, 0x0000000743600000|  0%| F|  |TAMS 0x0000000743400000| PB 0x0000000743400000| Untracked 
| 539|0x0000000743600000, 0x0000000743600000, 0x0000000743800000|  0%| F|  |TAMS 0x0000000743600000| PB 0x0000000743600000| Untracked 
| 540|0x0000000743800000, 0x0000000743800000, 0x0000000743a00000|  0%| F|  |TAMS 0x0000000743800000| PB 0x0000000743800000| Untracked 
| 541|0x0000000743a00000, 0x0000000743a00000, 0x0000000743c00000|  0%| F|  |TAMS 0x0000000743a00000| PB 0x0000000743a00000| Untracked 
| 542|0x0000000743c00000, 0x0000000743c00000, 0x0000000743e00000|  0%| F|  |TAMS 0x0000000743c00000| PB 0x0000000743c00000| Untracked 
| 543|0x0000000743e00000, 0x0000000743e00000, 0x0000000744000000|  0%| F|  |TAMS 0x0000000743e00000| PB 0x0000000743e00000| Untracked 
| 544|0x0000000744000000, 0x0000000744000000, 0x0000000744200000|  0%| F|  |TAMS 0x0000000744000000| PB 0x0000000744000000| Untracked 
| 545|0x0000000744200000, 0x0000000744200000, 0x0000000744400000|  0%| F|  |TAMS 0x0000000744200000| PB 0x0000000744200000| Untracked 
| 546|0x0000000744400000, 0x0000000744400000, 0x0000000744600000|  0%| F|  |TAMS 0x0000000744400000| PB 0x0000000744400000| Untracked 
| 547|0x0000000744600000, 0x0000000744600000, 0x0000000744800000|  0%| F|  |TAMS 0x0000000744600000| PB 0x0000000744600000| Untracked 
| 548|0x0000000744800000, 0x0000000744800000, 0x0000000744a00000|  0%| F|  |TAMS 0x0000000744800000| PB 0x0000000744800000| Untracked 
| 549|0x0000000744a00000, 0x0000000744a00000, 0x0000000744c00000|  0%| F|  |TAMS 0x0000000744a00000| PB 0x0000000744a00000| Untracked 
| 550|0x0000000744c00000, 0x0000000744c00000, 0x0000000744e00000|  0%| F|  |TAMS 0x0000000744c00000| PB 0x0000000744c00000| Untracked 
| 551|0x0000000744e00000, 0x0000000744e00000, 0x0000000745000000|  0%| F|  |TAMS 0x0000000744e00000| PB 0x0000000744e00000| Untracked 
| 552|0x0000000745000000, 0x0000000745000000, 0x0000000745200000|  0%| F|  |TAMS 0x0000000745000000| PB 0x0000000745000000| Untracked 
| 553|0x0000000745200000, 0x0000000745200000, 0x0000000745400000|  0%| F|  |TAMS 0x0000000745200000| PB 0x0000000745200000| Untracked 
| 554|0x0000000745400000, 0x0000000745600000, 0x0000000745600000|100%| S|CS|TAMS 0x0000000745400000| PB 0x0000000745400000| Complete 
| 555|0x0000000745600000, 0x0000000745800000, 0x0000000745800000|100%| S|CS|TAMS 0x0000000745600000| PB 0x0000000745600000| Complete 
| 556|0x0000000745800000, 0x0000000745a00000, 0x0000000745a00000|100%| S|CS|TAMS 0x0000000745800000| PB 0x0000000745800000| Complete 
| 557|0x0000000745a00000, 0x0000000745c00000, 0x0000000745c00000|100%| S|CS|TAMS 0x0000000745a00000| PB 0x0000000745a00000| Complete 
| 558|0x0000000745c00000, 0x0000000745e00000, 0x0000000745e00000|100%| S|CS|TAMS 0x0000000745c00000| PB 0x0000000745c00000| Complete 
| 559|0x0000000745e00000, 0x0000000746000000, 0x0000000746000000|100%| S|CS|TAMS 0x0000000745e00000| PB 0x0000000745e00000| Complete 
| 560|0x0000000746000000, 0x0000000746200000, 0x0000000746200000|100%| S|CS|TAMS 0x0000000746000000| PB 0x0000000746000000| Complete 
| 561|0x0000000746200000, 0x0000000746400000, 0x0000000746400000|100%| S|CS|TAMS 0x0000000746200000| PB 0x0000000746200000| Complete 
| 562|0x0000000746400000, 0x0000000746600000, 0x0000000746600000|100%| S|CS|TAMS 0x0000000746400000| PB 0x0000000746400000| Complete 
| 563|0x0000000746600000, 0x0000000746800000, 0x0000000746800000|100%| S|CS|TAMS 0x0000000746600000| PB 0x0000000746600000| Complete 
| 564|0x0000000746800000, 0x0000000746a00000, 0x0000000746a00000|100%| S|CS|TAMS 0x0000000746800000| PB 0x0000000746800000| Complete 
| 565|0x0000000746a00000, 0x0000000746c00000, 0x0000000746c00000|100%| S|CS|TAMS 0x0000000746a00000| PB 0x0000000746a00000| Complete 
| 566|0x0000000746c00000, 0x0000000746e00000, 0x0000000746e00000|100%| S|CS|TAMS 0x0000000746c00000| PB 0x0000000746c00000| Complete 
| 567|0x0000000746e00000, 0x0000000747000000, 0x0000000747000000|100%| S|CS|TAMS 0x0000000746e00000| PB 0x0000000746e00000| Complete 
| 568|0x0000000747000000, 0x0000000747200000, 0x0000000747200000|100%| S|CS|TAMS 0x0000000747000000| PB 0x0000000747000000| Complete 
| 569|0x0000000747200000, 0x0000000747400000, 0x0000000747400000|100%| S|CS|TAMS 0x0000000747200000| PB 0x0000000747200000| Complete 
| 570|0x0000000747400000, 0x0000000747600000, 0x0000000747600000|100%| S|CS|TAMS 0x0000000747400000| PB 0x0000000747400000| Complete 
| 571|0x0000000747600000, 0x0000000747800000, 0x0000000747800000|100%| S|CS|TAMS 0x0000000747600000| PB 0x0000000747600000| Complete 
| 572|0x0000000747800000, 0x0000000747a00000, 0x0000000747a00000|100%| S|CS|TAMS 0x0000000747800000| PB 0x0000000747800000| Complete 
| 573|0x0000000747a00000, 0x0000000747c00000, 0x0000000747c00000|100%| S|CS|TAMS 0x0000000747a00000| PB 0x0000000747a00000| Complete 
| 574|0x0000000747c00000, 0x0000000747e00000, 0x0000000747e00000|100%| S|CS|TAMS 0x0000000747c00000| PB 0x0000000747c00000| Complete 
| 575|0x0000000747e00000, 0x0000000748000000, 0x0000000748000000|100%| S|CS|TAMS 0x0000000747e00000| PB 0x0000000747e00000| Complete 
| 576|0x0000000748000000, 0x0000000748200000, 0x0000000748200000|100%| S|CS|TAMS 0x0000000748000000| PB 0x0000000748000000| Complete 
| 577|0x0000000748200000, 0x0000000748400000, 0x0000000748400000|100%| S|CS|TAMS 0x0000000748200000| PB 0x0000000748200000| Complete 
| 578|0x0000000748400000, 0x0000000748400000, 0x0000000748600000|  0%| F|  |TAMS 0x0000000748400000| PB 0x0000000748400000| Untracked 
| 579|0x0000000748600000, 0x0000000748600000, 0x0000000748800000|  0%| F|  |TAMS 0x0000000748600000| PB 0x0000000748600000| Untracked 
| 580|0x0000000748800000, 0x0000000748800000, 0x0000000748a00000|  0%| F|  |TAMS 0x0000000748800000| PB 0x0000000748800000| Untracked 
| 581|0x0000000748a00000, 0x0000000748a00000, 0x0000000748c00000|  0%| F|  |TAMS 0x0000000748a00000| PB 0x0000000748a00000| Untracked 
| 582|0x0000000748c00000, 0x0000000748c00000, 0x0000000748e00000|  0%| F|  |TAMS 0x0000000748c00000| PB 0x0000000748c00000| Untracked 
| 583|0x0000000748e00000, 0x0000000748e00000, 0x0000000749000000|  0%| F|  |TAMS 0x0000000748e00000| PB 0x0000000748e00000| Untracked 
| 584|0x0000000749000000, 0x0000000749000000, 0x0000000749200000|  0%| F|  |TAMS 0x0000000749000000| PB 0x0000000749000000| Untracked 
| 585|0x0000000749200000, 0x0000000749200000, 0x0000000749400000|  0%| F|  |TAMS 0x0000000749200000| PB 0x0000000749200000| Untracked 
| 586|0x0000000749400000, 0x0000000749400000, 0x0000000749600000|  0%| F|  |TAMS 0x0000000749400000| PB 0x0000000749400000| Untracked 
| 587|0x0000000749600000, 0x0000000749600000, 0x0000000749800000|  0%| F|  |TAMS 0x0000000749600000| PB 0x0000000749600000| Untracked 
| 588|0x0000000749800000, 0x0000000749800000, 0x0000000749a00000|  0%| F|  |TAMS 0x0000000749800000| PB 0x0000000749800000| Untracked 
| 589|0x0000000749a00000, 0x0000000749a00000, 0x0000000749c00000|  0%| F|  |TAMS 0x0000000749a00000| PB 0x0000000749a00000| Untracked 
| 590|0x0000000749c00000, 0x0000000749c00000, 0x0000000749e00000|  0%| F|  |TAMS 0x0000000749c00000| PB 0x0000000749c00000| Untracked 
| 591|0x0000000749e00000, 0x0000000749e00000, 0x000000074a000000|  0%| F|  |TAMS 0x0000000749e00000| PB 0x0000000749e00000| Untracked 
| 592|0x000000074a000000, 0x000000074a000000, 0x000000074a200000|  0%| F|  |TAMS 0x000000074a000000| PB 0x000000074a000000| Untracked 
| 593|0x000000074a200000, 0x000000074a200000, 0x000000074a400000|  0%| F|  |TAMS 0x000000074a200000| PB 0x000000074a200000| Untracked 
| 594|0x000000074a400000, 0x000000074a400000, 0x000000074a600000|  0%| F|  |TAMS 0x000000074a400000| PB 0x000000074a400000| Untracked 
| 595|0x000000074a600000, 0x000000074a7b9cf8, 0x000000074a800000| 86%| E|  |TAMS 0x000000074a600000| PB 0x000000074a600000| Complete 
| 596|0x000000074a800000, 0x000000074aa00000, 0x000000074aa00000|100%| E|CS|TAMS 0x000000074a800000| PB 0x000000074a800000| Complete 
| 597|0x000000074aa00000, 0x000000074ac00000, 0x000000074ac00000|100%| E|CS|TAMS 0x000000074aa00000| PB 0x000000074aa00000| Complete 
| 598|0x000000074ac00000, 0x000000074ae00000, 0x000000074ae00000|100%| E|CS|TAMS 0x000000074ac00000| PB 0x000000074ac00000| Complete 
| 599|0x000000074ae00000, 0x000000074b000000, 0x000000074b000000|100%| E|CS|TAMS 0x000000074ae00000| PB 0x000000074ae00000| Complete 
| 600|0x000000074b000000, 0x000000074b200000, 0x000000074b200000|100%| E|CS|TAMS 0x000000074b000000| PB 0x000000074b000000| Complete 
| 601|0x000000074b200000, 0x000000074b400000, 0x000000074b400000|100%| E|CS|TAMS 0x000000074b200000| PB 0x000000074b200000| Complete 
| 602|0x000000074b400000, 0x000000074b600000, 0x000000074b600000|100%| E|CS|TAMS 0x000000074b400000| PB 0x000000074b400000| Complete 
| 603|0x000000074b600000, 0x000000074b800000, 0x000000074b800000|100%| E|CS|TAMS 0x000000074b600000| PB 0x000000074b600000| Complete 
| 604|0x000000074b800000, 0x000000074ba00000, 0x000000074ba00000|100%| E|CS|TAMS 0x000000074b800000| PB 0x000000074b800000| Complete 
| 605|0x000000074ba00000, 0x000000074bc00000, 0x000000074bc00000|100%| E|CS|TAMS 0x000000074ba00000| PB 0x000000074ba00000| Complete 
| 606|0x000000074bc00000, 0x000000074be00000, 0x000000074be00000|100%| E|CS|TAMS 0x000000074bc00000| PB 0x000000074bc00000| Complete 
| 607|0x000000074be00000, 0x000000074c000000, 0x000000074c000000|100%| E|CS|TAMS 0x000000074be00000| PB 0x000000074be00000| Complete 
| 608|0x000000074c000000, 0x000000074c200000, 0x000000074c200000|100%| E|CS|TAMS 0x000000074c000000| PB 0x000000074c000000| Complete 
| 609|0x000000074c200000, 0x000000074c400000, 0x000000074c400000|100%| E|CS|TAMS 0x000000074c200000| PB 0x000000074c200000| Complete 
| 610|0x000000074c400000, 0x000000074c600000, 0x000000074c600000|100%| E|CS|TAMS 0x000000074c400000| PB 0x000000074c400000| Complete 
| 611|0x000000074c600000, 0x000000074c800000, 0x000000074c800000|100%| E|CS|TAMS 0x000000074c600000| PB 0x000000074c600000| Complete 
| 612|0x000000074c800000, 0x000000074ca00000, 0x000000074ca00000|100%| E|CS|TAMS 0x000000074c800000| PB 0x000000074c800000| Complete 
| 613|0x000000074ca00000, 0x000000074cc00000, 0x000000074cc00000|100%| E|CS|TAMS 0x000000074ca00000| PB 0x000000074ca00000| Complete 
| 614|0x000000074cc00000, 0x000000074ce00000, 0x000000074ce00000|100%| E|CS|TAMS 0x000000074cc00000| PB 0x000000074cc00000| Complete 
| 615|0x000000074ce00000, 0x000000074d000000, 0x000000074d000000|100%| E|CS|TAMS 0x000000074ce00000| PB 0x000000074ce00000| Complete 
| 616|0x000000074d000000, 0x000000074d200000, 0x000000074d200000|100%| E|CS|TAMS 0x000000074d000000| PB 0x000000074d000000| Complete 
| 617|0x000000074d200000, 0x000000074d400000, 0x000000074d400000|100%| E|CS|TAMS 0x000000074d200000| PB 0x000000074d200000| Complete 
| 618|0x000000074d400000, 0x000000074d600000, 0x000000074d600000|100%| E|CS|TAMS 0x000000074d400000| PB 0x000000074d400000| Complete 
| 619|0x000000074d600000, 0x000000074d800000, 0x000000074d800000|100%| E|CS|TAMS 0x000000074d600000| PB 0x000000074d600000| Complete 
| 620|0x000000074d800000, 0x000000074da00000, 0x000000074da00000|100%| E|CS|TAMS 0x000000074d800000| PB 0x000000074d800000| Complete 
| 621|0x000000074da00000, 0x000000074dc00000, 0x000000074dc00000|100%| E|CS|TAMS 0x000000074da00000| PB 0x000000074da00000| Complete 
| 622|0x000000074dc00000, 0x000000074de00000, 0x000000074de00000|100%| E|CS|TAMS 0x000000074dc00000| PB 0x000000074dc00000| Complete 
| 623|0x000000074de00000, 0x000000074e000000, 0x000000074e000000|100%| E|CS|TAMS 0x000000074de00000| PB 0x000000074de00000| Complete 
| 624|0x000000074e000000, 0x000000074e200000, 0x000000074e200000|100%| E|CS|TAMS 0x000000074e000000| PB 0x000000074e000000| Complete 
| 625|0x000000074e200000, 0x000000074e400000, 0x000000074e400000|100%| E|CS|TAMS 0x000000074e200000| PB 0x000000074e200000| Complete 
| 626|0x000000074e400000, 0x000000074e600000, 0x000000074e600000|100%| E|CS|TAMS 0x000000074e400000| PB 0x000000074e400000| Complete 
| 627|0x000000074e600000, 0x000000074e800000, 0x000000074e800000|100%| E|CS|TAMS 0x000000074e600000| PB 0x000000074e600000| Complete 
| 628|0x000000074e800000, 0x000000074ea00000, 0x000000074ea00000|100%| E|CS|TAMS 0x000000074e800000| PB 0x000000074e800000| Complete 
| 629|0x000000074ea00000, 0x000000074ec00000, 0x000000074ec00000|100%| E|CS|TAMS 0x000000074ea00000| PB 0x000000074ea00000| Complete 
| 630|0x000000074ec00000, 0x000000074ee00000, 0x000000074ee00000|100%| E|CS|TAMS 0x000000074ec00000| PB 0x000000074ec00000| Complete 
| 631|0x000000074ee00000, 0x000000074f000000, 0x000000074f000000|100%| E|CS|TAMS 0x000000074ee00000| PB 0x000000074ee00000| Complete 
| 632|0x000000074f000000, 0x000000074f200000, 0x000000074f200000|100%| E|CS|TAMS 0x000000074f000000| PB 0x000000074f000000| Complete 
| 633|0x000000074f200000, 0x000000074f400000, 0x000000074f400000|100%| E|CS|TAMS 0x000000074f200000| PB 0x000000074f200000| Complete 
| 634|0x000000074f400000, 0x000000074f600000, 0x000000074f600000|100%| E|CS|TAMS 0x000000074f400000| PB 0x000000074f400000| Complete 
| 635|0x000000074f600000, 0x000000074f800000, 0x000000074f800000|100%| E|CS|TAMS 0x000000074f600000| PB 0x000000074f600000| Complete 
| 636|0x000000074f800000, 0x000000074fa00000, 0x000000074fa00000|100%| E|CS|TAMS 0x000000074f800000| PB 0x000000074f800000| Complete 
| 637|0x000000074fa00000, 0x000000074fc00000, 0x000000074fc00000|100%| E|CS|TAMS 0x000000074fa00000| PB 0x000000074fa00000| Complete 
| 638|0x000000074fc00000, 0x000000074fe00000, 0x000000074fe00000|100%| E|CS|TAMS 0x000000074fc00000| PB 0x000000074fc00000| Complete 
| 639|0x000000074fe00000, 0x0000000750000000, 0x0000000750000000|100%| E|CS|TAMS 0x000000074fe00000| PB 0x000000074fe00000| Complete 
| 640|0x0000000750000000, 0x0000000750200000, 0x0000000750200000|100%| E|CS|TAMS 0x0000000750000000| PB 0x0000000750000000| Complete 
| 641|0x0000000750200000, 0x0000000750400000, 0x0000000750400000|100%| E|CS|TAMS 0x0000000750200000| PB 0x0000000750200000| Complete 
| 642|0x0000000750400000, 0x0000000750600000, 0x0000000750600000|100%| E|CS|TAMS 0x0000000750400000| PB 0x0000000750400000| Complete 
| 643|0x0000000750600000, 0x0000000750800000, 0x0000000750800000|100%| E|CS|TAMS 0x0000000750600000| PB 0x0000000750600000| Complete 
| 644|0x0000000750800000, 0x0000000750a00000, 0x0000000750a00000|100%| E|CS|TAMS 0x0000000750800000| PB 0x0000000750800000| Complete 
| 645|0x0000000750a00000, 0x0000000750c00000, 0x0000000750c00000|100%| E|CS|TAMS 0x0000000750a00000| PB 0x0000000750a00000| Complete 
| 646|0x0000000750c00000, 0x0000000750e00000, 0x0000000750e00000|100%| E|CS|TAMS 0x0000000750c00000| PB 0x0000000750c00000| Complete 
| 647|0x0000000750e00000, 0x0000000751000000, 0x0000000751000000|100%| E|CS|TAMS 0x0000000750e00000| PB 0x0000000750e00000| Complete 
| 648|0x0000000751000000, 0x0000000751200000, 0x0000000751200000|100%| E|CS|TAMS 0x0000000751000000| PB 0x0000000751000000| Complete 
| 649|0x0000000751200000, 0x0000000751400000, 0x0000000751400000|100%| E|CS|TAMS 0x0000000751200000| PB 0x0000000751200000| Complete 
| 650|0x0000000751400000, 0x0000000751600000, 0x0000000751600000|100%| E|CS|TAMS 0x0000000751400000| PB 0x0000000751400000| Complete 
| 651|0x0000000751600000, 0x0000000751800000, 0x0000000751800000|100%| E|CS|TAMS 0x0000000751600000| PB 0x0000000751600000| Complete 
| 652|0x0000000751800000, 0x0000000751a00000, 0x0000000751a00000|100%| E|CS|TAMS 0x0000000751800000| PB 0x0000000751800000| Complete 
| 653|0x0000000751a00000, 0x0000000751c00000, 0x0000000751c00000|100%| E|CS|TAMS 0x0000000751a00000| PB 0x0000000751a00000| Complete 
| 654|0x0000000751c00000, 0x0000000751e00000, 0x0000000751e00000|100%| E|CS|TAMS 0x0000000751c00000| PB 0x0000000751c00000| Complete 
| 655|0x0000000751e00000, 0x0000000752000000, 0x0000000752000000|100%| E|CS|TAMS 0x0000000751e00000| PB 0x0000000751e00000| Complete 
| 656|0x0000000752000000, 0x0000000752200000, 0x0000000752200000|100%| E|CS|TAMS 0x0000000752000000| PB 0x0000000752000000| Complete 
| 657|0x0000000752200000, 0x0000000752400000, 0x0000000752400000|100%| E|CS|TAMS 0x0000000752200000| PB 0x0000000752200000| Complete 
| 658|0x0000000752400000, 0x0000000752600000, 0x0000000752600000|100%| E|CS|TAMS 0x0000000752400000| PB 0x0000000752400000| Complete 
| 659|0x0000000752600000, 0x0000000752800000, 0x0000000752800000|100%| E|CS|TAMS 0x0000000752600000| PB 0x0000000752600000| Complete 
| 660|0x0000000752800000, 0x0000000752a00000, 0x0000000752a00000|100%| E|CS|TAMS 0x0000000752800000| PB 0x0000000752800000| Complete 
| 661|0x0000000752a00000, 0x0000000752c00000, 0x0000000752c00000|100%| E|CS|TAMS 0x0000000752a00000| PB 0x0000000752a00000| Complete 
| 662|0x0000000752c00000, 0x0000000752e00000, 0x0000000752e00000|100%| E|CS|TAMS 0x0000000752c00000| PB 0x0000000752c00000| Complete 
| 663|0x0000000752e00000, 0x0000000753000000, 0x0000000753000000|100%| E|CS|TAMS 0x0000000752e00000| PB 0x0000000752e00000| Complete 
| 664|0x0000000753000000, 0x0000000753200000, 0x0000000753200000|100%| E|CS|TAMS 0x0000000753000000| PB 0x0000000753000000| Complete 
| 665|0x0000000753200000, 0x0000000753400000, 0x0000000753400000|100%| E|CS|TAMS 0x0000000753200000| PB 0x0000000753200000| Complete 
| 666|0x0000000753400000, 0x0000000753600000, 0x0000000753600000|100%| E|CS|TAMS 0x0000000753400000| PB 0x0000000753400000| Complete 
| 667|0x0000000753600000, 0x0000000753800000, 0x0000000753800000|100%| E|CS|TAMS 0x0000000753600000| PB 0x0000000753600000| Complete 
| 668|0x0000000753800000, 0x0000000753a00000, 0x0000000753a00000|100%| E|CS|TAMS 0x0000000753800000| PB 0x0000000753800000| Complete 
| 669|0x0000000753a00000, 0x0000000753c00000, 0x0000000753c00000|100%| E|CS|TAMS 0x0000000753a00000| PB 0x0000000753a00000| Complete 
| 670|0x0000000753c00000, 0x0000000753e00000, 0x0000000753e00000|100%| E|CS|TAMS 0x0000000753c00000| PB 0x0000000753c00000| Complete 
| 671|0x0000000753e00000, 0x0000000754000000, 0x0000000754000000|100%| E|CS|TAMS 0x0000000753e00000| PB 0x0000000753e00000| Complete 
| 672|0x0000000754000000, 0x0000000754200000, 0x0000000754200000|100%| E|CS|TAMS 0x0000000754000000| PB 0x0000000754000000| Complete 
| 673|0x0000000754200000, 0x0000000754400000, 0x0000000754400000|100%| E|CS|TAMS 0x0000000754200000| PB 0x0000000754200000| Complete 
| 674|0x0000000754400000, 0x0000000754600000, 0x0000000754600000|100%| E|CS|TAMS 0x0000000754400000| PB 0x0000000754400000| Complete 
| 675|0x0000000754600000, 0x0000000754800000, 0x0000000754800000|100%| E|CS|TAMS 0x0000000754600000| PB 0x0000000754600000| Complete 
| 676|0x0000000754800000, 0x0000000754a00000, 0x0000000754a00000|100%| E|CS|TAMS 0x0000000754800000| PB 0x0000000754800000| Complete 
| 677|0x0000000754a00000, 0x0000000754c00000, 0x0000000754c00000|100%| E|CS|TAMS 0x0000000754a00000| PB 0x0000000754a00000| Complete 
| 678|0x0000000754c00000, 0x0000000754e00000, 0x0000000754e00000|100%| E|CS|TAMS 0x0000000754c00000| PB 0x0000000754c00000| Complete 
| 679|0x0000000754e00000, 0x0000000755000000, 0x0000000755000000|100%| E|CS|TAMS 0x0000000754e00000| PB 0x0000000754e00000| Complete 
| 680|0x0000000755000000, 0x0000000755200000, 0x0000000755200000|100%| E|CS|TAMS 0x0000000755000000| PB 0x0000000755000000| Complete 
| 681|0x0000000755200000, 0x0000000755400000, 0x0000000755400000|100%| E|CS|TAMS 0x0000000755200000| PB 0x0000000755200000| Complete 
| 682|0x0000000755400000, 0x0000000755600000, 0x0000000755600000|100%| E|CS|TAMS 0x0000000755400000| PB 0x0000000755400000| Complete 
| 683|0x0000000755600000, 0x0000000755800000, 0x0000000755800000|100%| E|CS|TAMS 0x0000000755600000| PB 0x0000000755600000| Complete 
| 684|0x0000000755800000, 0x0000000755a00000, 0x0000000755a00000|100%| E|CS|TAMS 0x0000000755800000| PB 0x0000000755800000| Complete 
| 685|0x0000000755a00000, 0x0000000755c00000, 0x0000000755c00000|100%| E|CS|TAMS 0x0000000755a00000| PB 0x0000000755a00000| Complete 
| 686|0x0000000755c00000, 0x0000000755e00000, 0x0000000755e00000|100%| E|CS|TAMS 0x0000000755c00000| PB 0x0000000755c00000| Complete 
| 687|0x0000000755e00000, 0x0000000756000000, 0x0000000756000000|100%| E|CS|TAMS 0x0000000755e00000| PB 0x0000000755e00000| Complete 
| 688|0x0000000756000000, 0x0000000756200000, 0x0000000756200000|100%| E|CS|TAMS 0x0000000756000000| PB 0x0000000756000000| Complete 
| 689|0x0000000756200000, 0x0000000756400000, 0x0000000756400000|100%| E|CS|TAMS 0x0000000756200000| PB 0x0000000756200000| Complete 
| 690|0x0000000756400000, 0x0000000756600000, 0x0000000756600000|100%| E|CS|TAMS 0x0000000756400000| PB 0x0000000756400000| Complete 
| 691|0x0000000756600000, 0x0000000756800000, 0x0000000756800000|100%| E|CS|TAMS 0x0000000756600000| PB 0x0000000756600000| Complete 
| 692|0x0000000756800000, 0x0000000756a00000, 0x0000000756a00000|100%| E|CS|TAMS 0x0000000756800000| PB 0x0000000756800000| Complete 
| 693|0x0000000756a00000, 0x0000000756c00000, 0x0000000756c00000|100%| E|CS|TAMS 0x0000000756a00000| PB 0x0000000756a00000| Complete 
| 694|0x0000000756c00000, 0x0000000756e00000, 0x0000000756e00000|100%| E|CS|TAMS 0x0000000756c00000| PB 0x0000000756c00000| Complete 
| 695|0x0000000756e00000, 0x0000000757000000, 0x0000000757000000|100%| E|CS|TAMS 0x0000000756e00000| PB 0x0000000756e00000| Complete 
| 696|0x0000000757000000, 0x0000000757200000, 0x0000000757200000|100%| E|CS|TAMS 0x0000000757000000| PB 0x0000000757000000| Complete 
| 697|0x0000000757200000, 0x0000000757400000, 0x0000000757400000|100%| E|CS|TAMS 0x0000000757200000| PB 0x0000000757200000| Complete 
| 698|0x0000000757400000, 0x0000000757600000, 0x0000000757600000|100%| E|CS|TAMS 0x0000000757400000| PB 0x0000000757400000| Complete 
| 699|0x0000000757600000, 0x0000000757800000, 0x0000000757800000|100%| E|CS|TAMS 0x0000000757600000| PB 0x0000000757600000| Complete 
| 700|0x0000000757800000, 0x0000000757a00000, 0x0000000757a00000|100%| E|CS|TAMS 0x0000000757800000| PB 0x0000000757800000| Complete 
| 701|0x0000000757a00000, 0x0000000757c00000, 0x0000000757c00000|100%| E|CS|TAMS 0x0000000757a00000| PB 0x0000000757a00000| Complete 
| 702|0x0000000757c00000, 0x0000000757e00000, 0x0000000757e00000|100%| E|CS|TAMS 0x0000000757c00000| PB 0x0000000757c00000| Complete 
| 703|0x0000000757e00000, 0x0000000758000000, 0x0000000758000000|100%| E|CS|TAMS 0x0000000757e00000| PB 0x0000000757e00000| Complete 
| 704|0x0000000758000000, 0x0000000758200000, 0x0000000758200000|100%| E|CS|TAMS 0x0000000758000000| PB 0x0000000758000000| Complete 
| 705|0x0000000758200000, 0x0000000758400000, 0x0000000758400000|100%| E|CS|TAMS 0x0000000758200000| PB 0x0000000758200000| Complete 
| 706|0x0000000758400000, 0x0000000758600000, 0x0000000758600000|100%| E|CS|TAMS 0x0000000758400000| PB 0x0000000758400000| Complete 
| 707|0x0000000758600000, 0x0000000758800000, 0x0000000758800000|100%| E|CS|TAMS 0x0000000758600000| PB 0x0000000758600000| Complete 
| 708|0x0000000758800000, 0x0000000758a00000, 0x0000000758a00000|100%| E|CS|TAMS 0x0000000758800000| PB 0x0000000758800000| Complete 
| 709|0x0000000758a00000, 0x0000000758c00000, 0x0000000758c00000|100%| E|CS|TAMS 0x0000000758a00000| PB 0x0000000758a00000| Complete 
| 710|0x0000000758c00000, 0x0000000758e00000, 0x0000000758e00000|100%| E|CS|TAMS 0x0000000758c00000| PB 0x0000000758c00000| Complete 
| 711|0x0000000758e00000, 0x0000000759000000, 0x0000000759000000|100%| E|CS|TAMS 0x0000000758e00000| PB 0x0000000758e00000| Complete 
| 712|0x0000000759000000, 0x0000000759200000, 0x0000000759200000|100%| E|CS|TAMS 0x0000000759000000| PB 0x0000000759000000| Complete 
|1983|0x00000007f7e00000, 0x00000007f8000000, 0x00000007f8000000|100%| E|CS|TAMS 0x00000007f7e00000| PB 0x00000007f7e00000| Complete 
|1984|0x00000007f8000000, 0x00000007f8200000, 0x00000007f8200000|100%| E|CS|TAMS 0x00000007f8000000| PB 0x00000007f8000000| Complete 
|1985|0x00000007f8200000, 0x00000007f8400000, 0x00000007f8400000|100%| E|CS|TAMS 0x00000007f8200000| PB 0x00000007f8200000| Complete 
|1986|0x00000007f8400000, 0x00000007f8600000, 0x00000007f8600000|100%| O|  |TAMS 0x00000007f8600000| PB 0x00000007f8600000| Updating 
|1987|0x00000007f8600000, 0x00000007f8800000, 0x00000007f8800000|100%| O|  |TAMS 0x00000007f8800000| PB 0x00000007f8800000| Updating 
|1988|0x00000007f8800000, 0x00000007f8a00000, 0x00000007f8a00000|100%| O|  |TAMS 0x00000007f8a00000| PB 0x00000007f8a00000| Updating 
|1989|0x00000007f8a00000, 0x00000007f8c00000, 0x00000007f8c00000|100%| O|  |TAMS 0x00000007f8c00000| PB 0x00000007f8c00000| Updating 
|1990|0x00000007f8c00000, 0x00000007f8e00000, 0x00000007f8e00000|100%| O|  |TAMS 0x00000007f8e00000| PB 0x00000007f8e00000| Updating 
|1991|0x00000007f8e00000, 0x00000007f9000000, 0x00000007f9000000|100%| O|  |TAMS 0x00000007f9000000| PB 0x00000007f9000000| Updating 
|1992|0x00000007f9000000, 0x00000007f9200000, 0x00000007f9200000|100%| O|  |TAMS 0x00000007f9200000| PB 0x00000007f9200000| Updating 
|1993|0x00000007f9200000, 0x00000007f9400000, 0x00000007f9400000|100%| O|  |TAMS 0x00000007f9400000| PB 0x00000007f9400000| Updating 
|1994|0x00000007f9400000, 0x00000007f9600000, 0x00000007f9600000|100%| O|  |TAMS 0x00000007f9600000| PB 0x00000007f9600000| Updating 
|1995|0x00000007f9600000, 0x00000007f9800000, 0x00000007f9800000|100%| O|  |TAMS 0x00000007f9800000| PB 0x00000007f9800000| Updating 
|1996|0x00000007f9800000, 0x00000007f9a00000, 0x00000007f9a00000|100%| O|  |TAMS 0x00000007f9a00000| PB 0x00000007f9a00000| Updating 
|1997|0x00000007f9a00000, 0x00000007f9c00000, 0x00000007f9c00000|100%| O|  |TAMS 0x00000007f9c00000| PB 0x00000007f9c00000| Untracked 
|1998|0x00000007f9c00000, 0x00000007f9e00000, 0x00000007f9e00000|100%| O|  |TAMS 0x00000007f9e00000| PB 0x00000007f9e00000| Untracked 
|1999|0x00000007f9e00000, 0x00000007fa000000, 0x00000007fa000000|100%| O|  |TAMS 0x00000007fa000000| PB 0x00000007fa000000| Untracked 
|2000|0x00000007fa000000, 0x00000007fa200000, 0x00000007fa200000|100%| O|  |TAMS 0x00000007fa200000| PB 0x00000007fa200000| Untracked 
|2001|0x00000007fa200000, 0x00000007fa400000, 0x00000007fa400000|100%| O|  |TAMS 0x00000007fa400000| PB 0x00000007fa400000| Untracked 
|2002|0x00000007fa400000, 0x00000007fa600000, 0x00000007fa600000|100%| O|  |TAMS 0x00000007fa600000| PB 0x00000007fa600000| Untracked 
|2003|0x00000007fa600000, 0x00000007fa800000, 0x00000007fa800000|100%| O|  |TAMS 0x00000007fa800000| PB 0x00000007fa800000| Untracked 
|2004|0x00000007fa800000, 0x00000007faa00000, 0x00000007faa00000|100%| O|  |TAMS 0x00000007faa00000| PB 0x00000007faa00000| Untracked 
|2005|0x00000007faa00000, 0x00000007fac00000, 0x00000007fac00000|100%| O|  |TAMS 0x00000007fac00000| PB 0x00000007fac00000| Untracked 
|2006|0x00000007fac00000, 0x00000007fae00000, 0x00000007fae00000|100%| O|  |TAMS 0x00000007fae00000| PB 0x00000007fae00000| Untracked 
|2007|0x00000007fae00000, 0x00000007fb000000, 0x00000007fb000000|100%| O|  |TAMS 0x00000007fb000000| PB 0x00000007fb000000| Updating 
|2008|0x00000007fb000000, 0x00000007fb200000, 0x00000007fb200000|100%| O|  |TAMS 0x00000007fb200000| PB 0x00000007fb200000| Untracked 
|2009|0x00000007fb200000, 0x00000007fb400000, 0x00000007fb400000|100%| O|  |TAMS 0x00000007fb400000| PB 0x00000007fb400000| Untracked 
|2010|0x00000007fb400000, 0x00000007fb600000, 0x00000007fb600000|100%| O|  |TAMS 0x00000007fb600000| PB 0x00000007fb600000| Untracked 
|2011|0x00000007fb600000, 0x00000007fb800000, 0x00000007fb800000|100%| O|  |TAMS 0x00000007fb800000| PB 0x00000007fb800000| Untracked 
|2012|0x00000007fb800000, 0x00000007fba00000, 0x00000007fba00000|100%| O|  |TAMS 0x00000007fba00000| PB 0x00000007fba00000| Updating 
|2013|0x00000007fba00000, 0x00000007fbc00000, 0x00000007fbc00000|100%| O|  |TAMS 0x00000007fbc00000| PB 0x00000007fbc00000| Updating 
|2014|0x00000007fbc00000, 0x00000007fbe00000, 0x00000007fbe00000|100%| O|  |TAMS 0x00000007fbe00000| PB 0x00000007fbe00000| Untracked 
|2015|0x00000007fbe00000, 0x00000007fc000000, 0x00000007fc000000|100%| O|  |TAMS 0x00000007fc000000| PB 0x00000007fc000000| Untracked 
|2016|0x00000007fc000000, 0x00000007fc200000, 0x00000007fc200000|100%| O|  |TAMS 0x00000007fc200000| PB 0x00000007fc200000| Untracked 
|2017|0x00000007fc200000, 0x00000007fc400000, 0x00000007fc400000|100%| O|  |TAMS 0x00000007fc400000| PB 0x00000007fc400000| Untracked 
|2018|0x00000007fc400000, 0x00000007fc600000, 0x00000007fc600000|100%| E|CS|TAMS 0x00000007fc400000| PB 0x00000007fc400000| Complete 
|2019|0x00000007fc600000, 0x00000007fc800000, 0x00000007fc800000|100%| O|  |TAMS 0x00000007fc800000| PB 0x00000007fc800000| Untracked 
|2020|0x00000007fc800000, 0x00000007fca00000, 0x00000007fca00000|100%| O|  |TAMS 0x00000007fca00000| PB 0x00000007fca00000| Untracked 
|2021|0x00000007fca00000, 0x00000007fcc00000, 0x00000007fcc00000|100%| O|  |TAMS 0x00000007fcc00000| PB 0x00000007fcc00000| Untracked 
|2022|0x00000007fcc00000, 0x00000007fce00000, 0x00000007fce00000|100%| O|  |TAMS 0x00000007fce00000| PB 0x00000007fce00000| Untracked 
|2023|0x00000007fce00000, 0x00000007fd000000, 0x00000007fd000000|100%| O|  |TAMS 0x00000007fd000000| PB 0x00000007fd000000| Updating 
|2024|0x00000007fd000000, 0x00000007fd200000, 0x00000007fd200000|100%| O|  |TAMS 0x00000007fd200000| PB 0x00000007fd200000| Untracked 
|2025|0x00000007fd200000, 0x00000007fd400000, 0x00000007fd400000|100%| O|  |TAMS 0x00000007fd400000| PB 0x00000007fd400000| Updating 
|2026|0x00000007fd400000, 0x00000007fd600000, 0x00000007fd600000|100%| E|CS|TAMS 0x00000007fd400000| PB 0x00000007fd400000| Complete 
|2027|0x00000007fd600000, 0x00000007fd800000, 0x00000007fd800000|100%| E|CS|TAMS 0x00000007fd600000| PB 0x00000007fd600000| Complete 
|2028|0x00000007fd800000, 0x00000007fda00000, 0x00000007fda00000|100%| E|CS|TAMS 0x00000007fd800000| PB 0x00000007fd800000| Complete 
|2029|0x00000007fda00000, 0x00000007fdc00000, 0x00000007fdc00000|100%| E|CS|TAMS 0x00000007fda00000| PB 0x00000007fda00000| Complete 
|2030|0x00000007fdc00000, 0x00000007fde00000, 0x00000007fde00000|100%| E|CS|TAMS 0x00000007fdc00000| PB 0x00000007fdc00000| Complete 
|2031|0x00000007fde00000, 0x00000007fe000000, 0x00000007fe000000|100%| E|CS|TAMS 0x00000007fde00000| PB 0x00000007fde00000| Complete 
|2032|0x00000007fe000000, 0x00000007fe200000, 0x00000007fe200000|100%| E|CS|TAMS 0x00000007fe000000| PB 0x00000007fe000000| Complete 
|2033|0x00000007fe200000, 0x00000007fe400000, 0x00000007fe400000|100%| E|CS|TAMS 0x00000007fe200000| PB 0x00000007fe200000| Complete 
|2034|0x00000007fe400000, 0x00000007fe600000, 0x00000007fe600000|100%| E|CS|TAMS 0x00000007fe400000| PB 0x00000007fe400000| Complete 
|2035|0x00000007fe600000, 0x00000007fe800000, 0x00000007fe800000|100%| E|CS|TAMS 0x00000007fe600000| PB 0x00000007fe600000| Complete 
|2036|0x00000007fe800000, 0x00000007fea00000, 0x00000007fea00000|100%| E|CS|TAMS 0x00000007fe800000| PB 0x00000007fe800000| Complete 
|2037|0x00000007fea00000, 0x00000007fec00000, 0x00000007fec00000|100%| E|CS|TAMS 0x00000007fea00000| PB 0x00000007fea00000| Complete 
|2038|0x00000007fec00000, 0x00000007fee00000, 0x00000007fee00000|100%| E|CS|TAMS 0x00000007fec00000| PB 0x00000007fec00000| Complete 
|2039|0x00000007fee00000, 0x00000007ff000000, 0x00000007ff000000|100%| E|CS|TAMS 0x00000007fee00000| PB 0x00000007fee00000| Complete 
|2040|0x00000007ff000000, 0x00000007ff200000, 0x00000007ff200000|100%| E|CS|TAMS 0x00000007ff000000| PB 0x00000007ff000000| Complete 
|2041|0x00000007ff200000, 0x00000007ff400000, 0x00000007ff400000|100%| E|CS|TAMS 0x00000007ff200000| PB 0x00000007ff200000| Complete 
|2042|0x00000007ff400000, 0x00000007ff600000, 0x00000007ff600000|100%| E|CS|TAMS 0x00000007ff400000| PB 0x00000007ff400000| Complete 
|2043|0x00000007ff600000, 0x00000007ff800000, 0x00000007ff800000|100%| E|CS|TAMS 0x00000007ff600000| PB 0x00000007ff600000| Complete 
|2044|0x00000007ff800000, 0x00000007ffa00000, 0x00000007ffa00000|100%| E|CS|TAMS 0x00000007ff800000| PB 0x00000007ff800000| Complete 
|2045|0x00000007ffa00000, 0x00000007ffc00000, 0x00000007ffc00000|100%| E|CS|TAMS 0x00000007ffa00000| PB 0x00000007ffa00000| Complete 
|2046|0x00000007ffc00000, 0x00000007ffe00000, 0x00000007ffe00000|100%| E|  |TAMS 0x00000007ffc00000| PB 0x00000007ffc00000| Complete 
|2047|0x00000007ffe00000, 0x0000000800000000, 0x0000000800000000|100%| E|CS|TAMS 0x00000007ffe00000| PB 0x00000007ffe00000| Complete 

Card table byte_map: [0x00000226f0000000,0x00000226f0800000] _byte_map_base: 0x00000226ec800000

Marking Bits: (CMBitMap*) 0x00000226d7e0b7e0
 Bits: [0x00000226f0800000, 0x00000226f4800000)

Polling page: 0x00000226d5c40000

Metaspace:

Usage:
  Non-class:    293.05 MB used.
      Class:     42.72 MB used.
       Both:    335.77 MB used.

Virtual space:
  Non-class space:      320.00 MB reserved,     294.94 MB ( 92%) committed,  5 nodes.
      Class space:        1.00 GB reserved,      44.62 MB (  4%) committed,  1 nodes.
             Both:        1.31 GB reserved,     339.56 MB ( 25%) committed. 

Chunk freelists:
   Non-Class:  8.29 MB
       Class:  3.33 MB
        Both:  11.62 MB

MaxMetaspaceSize: unlimited
CompressedClassSpaceSize: 1.00 GB
Initial GC threshold: 21.00 MB
Current GC threshold: 553.25 MB
CDS: on
 - commit_granule_bytes: 65536.
 - commit_granule_words: 8192.
 - virtual_space_node_default_size: 8388608.
 - enlarge_chunks_in_place: 1.
 - use_allocation_guard: 0.


Internal statistics:

num_allocs_failed_limit: 12.
num_arena_births: 7314.
num_arena_deaths: 108.
num_vsnodes_births: 6.
num_vsnodes_deaths: 0.
num_space_committed: 5425.
num_space_uncommitted: 0.
num_chunks_returned_to_freelist: 177.
num_chunks_taken_from_freelist: 22506.
num_chunk_merges: 53.
num_chunk_splits: 15333.
num_chunks_enlarged: 10217.
num_inconsistent_stats: 0.

CodeHeap 'non-profiled nmethods': size=120000Kb used=20107Kb max_used=23667Kb free=99892Kb
 bounds [0x00000226e7fa0000, 0x00000226e96c0000, 0x00000226ef4d0000]
CodeHeap 'profiled nmethods': size=120000Kb used=45406Kb max_used=63083Kb free=74593Kb
 bounds [0x00000226e04d0000, 0x00000226e4270000, 0x00000226e7a00000]
CodeHeap 'non-nmethods': size=5760Kb used=2676Kb max_used=2781Kb free=3083Kb
 bounds [0x00000226e7a00000, 0x00000226e7cd0000, 0x00000226e7fa0000]
CodeCache: size=245760Kb, used=68189Kb, max_used=89531Kb, free=177568Kb
 total_blobs=22246, nmethods=20793, adapters=1353, full_count=0
Compilation: enabled, stopped_count=0, restarted_count=0

Compilation events (20 events):
Event: 155.527 Thread 0x00000226f72a34c0 52101       3       com.android.tools.r8.internal.an::a (132 bytes)
Event: 155.530 Thread 0x00000226f72a34c0 nmethod 52101 0x00000226e1f83510 code [0x00000226e1f83880, 0x00000226e1f85250]
Event: 155.530 Thread 0x00000226f72a34c0 52102       3       com.android.tools.r8.internal.xr::a (869 bytes)
Event: 155.539 Thread 0x00000226f72a34c0 nmethod 52102 0x00000226e2ec5290 code [0x00000226e2ec5aa0, 0x00000226e2ecb690]
Event: 155.539 Thread 0x00000226f72a34c0 52103       3       com.android.tools.r8.shaking.k0::c (98 bytes)
Event: 155.540 Thread 0x00000226f72a34c0 nmethod 52103 0x00000226e1f82910 code [0x00000226e1f82b40, 0x00000226e1f83218]
Event: 155.540 Thread 0x00000226f72a34c0 52104       3       com.android.tools.r8.graph.z::a (102 bytes)
Event: 155.541 Thread 0x00000226f72a34c0 nmethod 52104 0x00000226e1f81910 code [0x00000226e1f81b40, 0x00000226e1f825c8]
Event: 155.541 Thread 0x00000226f72a34c0 52105       3       com.android.tools.r8.internal.ep::b (85 bytes)
Event: 155.542 Thread 0x00000226f72a34c0 nmethod 52105 0x00000226e1f80390 code [0x00000226e1f80640, 0x00000226e1f81398]
Event: 155.546 Thread 0x00000226f72a34c0 52106       2       com.android.tools.r8.graph.o7$$Lambda/0x0000022683c8a448::<init> (38 bytes)
Event: 155.546 Thread 0x00000226f72a34c0 nmethod 52106 0x00000226e1f7fd90 code [0x00000226e1f7ff40, 0x00000226e1f802a0]
Event: 155.558 Thread 0x00000226f72a34c0 52108       3       com.android.tools.r8.graph.y5::a (7 bytes)
Event: 155.558 Thread 0x00000226f72a34c0 nmethod 52108 0x00000226e1f7f690 code [0x00000226e1f7f860, 0x00000226e1f7fc00]
Event: 155.641 Thread 0x00000226f729f7b0 nmethod 52051 0x00000226e8b68d90 code [0x00000226e8b693c0, 0x00000226e8b6d6d8]
Event: 155.642 Thread 0x00000226f729f7b0 52042       4       com.android.tools.r8.internal.ju::a (192 bytes)
Event: 155.644 Thread 0x00000226f72a34c0 52114       3       java.io.ObjectOutputStream::writeByte (9 bytes)
Event: 155.644 Thread 0x00000226f72a34c0 nmethod 52114 0x00000226e1f7f290 code [0x00000226e1f7f440, 0x00000226e1f7f588]
Event: 155.650 Thread 0x00000226f72a34c0 52116       2       com.android.tools.r8.internal.b81::contains (12 bytes)
Event: 155.650 Thread 0x00000226f72a34c0 nmethod 52116 0x00000226e1f7ee90 code [0x00000226e1f7f040, 0x00000226e1f7f1a0]

GC Heap History (20 events):
Event: 141.390 GC heap before
{Heap before GC invocations=87 (full 0):
 garbage-first heap   total 942080K, used 813056K [0x0000000700000000, 0x0000000800000000)
  region size 2048K, 146 young (299008K), 21 survivors (43008K)
 Metaspace       used 291027K, committed 294848K, reserved 1310720K
  class space    used 37233K, committed 39168K, reserved 1048576K
}
Event: 141.462 GC heap after
{Heap after GC invocations=88 (full 0):
 garbage-first heap   total 942080K, used 615424K [0x0000000700000000, 0x0000000800000000)
  region size 2048K, 19 young (38912K), 19 survivors (38912K)
 Metaspace       used 291027K, committed 294848K, reserved 1310720K
  class space    used 37233K, committed 39168K, reserved 1048576K
}
Event: 142.220 GC heap before
{Heap before GC invocations=88 (full 0):
 garbage-first heap   total 942080K, used 840704K [0x0000000700000000, 0x0000000800000000)
  region size 2048K, 124 young (253952K), 19 survivors (38912K)
 Metaspace       used 297605K, committed 301440K, reserved 1376256K
  class space    used 37941K, committed 39872K, reserved 1048576K
}
Event: 142.285 GC heap after
{Heap after GC invocations=89 (full 0):
 garbage-first heap   total 942080K, used 658432K [0x0000000700000000, 0x0000000800000000)
  region size 2048K, 16 young (32768K), 16 survivors (32768K)
 Metaspace       used 297605K, committed 301440K, reserved 1376256K
  class space    used 37941K, committed 39872K, reserved 1048576K
}
Event: 142.661 GC heap before
{Heap before GC invocations=89 (full 0):
 garbage-first heap   total 942080K, used 730112K [0x0000000700000000, 0x0000000800000000)
  region size 2048K, 53 young (108544K), 16 survivors (32768K)
 Metaspace       used 301994K, committed 305856K, reserved 1376256K
  class space    used 38419K, committed 40384K, reserved 1048576K
}
Event: 142.693 GC heap after
{Heap after GC invocations=90 (full 0):
 garbage-first heap   total 1593344K, used 669952K [0x0000000700000000, 0x0000000800000000)
  region size 2048K, 5 young (10240K), 5 survivors (10240K)
 Metaspace       used 301994K, committed 305856K, reserved 1376256K
  class space    used 38419K, committed 40384K, reserved 1048576K
}
Event: 145.806 GC heap before
{Heap before GC invocations=91 (full 0):
 garbage-first heap   total 1593344K, used 1321216K [0x0000000700000000, 0x0000000800000000)
  region size 2048K, 315 young (645120K), 5 survivors (10240K)
 Metaspace       used 315661K, committed 319552K, reserved 1376256K
  class space    used 40163K, committed 42112K, reserved 1048576K
}
Event: 145.880 GC heap after
{Heap after GC invocations=92 (full 0):
 garbage-first heap   total 1593344K, used 768000K [0x0000000700000000, 0x0000000800000000)
  region size 2048K, 40 young (81920K), 40 survivors (81920K)
 Metaspace       used 315661K, committed 319552K, reserved 1376256K
  class space    used 40163K, committed 42112K, reserved 1048576K
}
Event: 147.870 GC heap before
{Heap before GC invocations=92 (full 0):
 garbage-first heap   total 1593344K, used 1341440K [0x0000000700000000, 0x0000000800000000)
  region size 2048K, 320 young (655360K), 40 survivors (81920K)
 Metaspace       used 330212K, committed 334080K, reserved 1376256K
  class space    used 42272K, committed 44224K, reserved 1048576K
}
Event: 147.974 GC heap after
{Heap after GC invocations=93 (full 0):
 garbage-first heap   total 1593344K, used 848896K [0x0000000700000000, 0x0000000800000000)
  region size 2048K, 40 young (81920K), 40 survivors (81920K)
 Metaspace       used 330212K, committed 334080K, reserved 1376256K
  class space    used 42272K, committed 44224K, reserved 1048576K
}
Event: 148.155 GC heap before
{Heap before GC invocations=93 (full 0):
 garbage-first heap   total 1593344K, used 871424K [0x0000000700000000, 0x0000000800000000)
  region size 2048K, 52 young (106496K), 40 survivors (81920K)
 Metaspace       used 331360K, committed 335168K, reserved 1376256K
  class space    used 42437K, committed 44352K, reserved 1048576K
}
Event: 148.265 GC heap after
{Heap after GC invocations=94 (full 0):
 garbage-first heap   total 1593344K, used 860160K [0x0000000700000000, 0x0000000800000000)
  region size 2048K, 4 young (8192K), 4 survivors (8192K)
 Metaspace       used 331360K, committed 335168K, reserved 1376256K
  class space    used 42437K, committed 44352K, reserved 1048576K
}
Event: 152.250 GC heap before
{Heap before GC invocations=95 (full 0):
 garbage-first heap   total 1593344K, used 1413120K [0x0000000700000000, 0x0000000800000000)
  region size 2048K, 261 young (534528K), 4 survivors (8192K)
 Metaspace       used 341047K, committed 344896K, reserved 1376256K
  class space    used 43492K, committed 45440K, reserved 1048576K
}
Event: 152.355 GC heap after
{Heap after GC invocations=96 (full 0):
 garbage-first heap   total 1593344K, used 926713K [0x0000000700000000, 0x0000000800000000)
  region size 2048K, 30 young (61440K), 30 survivors (61440K)
 Metaspace       used 341047K, committed 344896K, reserved 1376256K
  class space    used 43492K, committed 45440K, reserved 1048576K
}
Event: 153.492 GC heap before
{Heap before GC invocations=96 (full 0):
 garbage-first heap   total 1593344K, used 1412089K [0x0000000700000000, 0x0000000800000000)
  region size 2048K, 263 young (538624K), 30 survivors (61440K)
 Metaspace       used 342652K, committed 346496K, reserved 1376256K
  class space    used 43633K, committed 45568K, reserved 1048576K
}
Event: 153.618 GC heap after
{Heap after GC invocations=97 (full 0):
 garbage-first heap   total 1593344K, used 1001464K [0x0000000700000000, 0x0000000800000000)
  region size 2048K, 33 young (67584K), 33 survivors (67584K)
 Metaspace       used 342652K, committed 346496K, reserved 1376256K
  class space    used 43633K, committed 45568K, reserved 1048576K
}
Event: 154.076 GC heap before
{Heap before GC invocations=97 (full 0):
 garbage-first heap   total 1593344K, used 1406968K [0x0000000700000000, 0x0000000800000000)
  region size 2048K, 231 young (473088K), 33 survivors (67584K)
 Metaspace       used 342894K, committed 346752K, reserved 1376256K
  class space    used 43650K, committed 45568K, reserved 1048576K
}
Event: 154.200 GC heap after
{Heap after GC invocations=98 (full 0):
 garbage-first heap   total 1593344K, used 1093632K [0x0000000700000000, 0x0000000800000000)
  region size 2048K, 29 young (59392K), 29 survivors (59392K)
 Metaspace       used 342894K, committed 346752K, reserved 1376256K
  class space    used 43650K, committed 45568K, reserved 1048576K
}
Event: 154.840 GC heap before
{Heap before GC invocations=98 (full 0):
 garbage-first heap   total 1593344K, used 1421312K [0x0000000700000000, 0x0000000800000000)
  region size 2048K, 190 young (389120K), 29 survivors (59392K)
 Metaspace       used 343485K, committed 347328K, reserved 1376256K
  class space    used 43709K, committed 45632K, reserved 1048576K
}
Event: 154.939 GC heap after
{Heap after GC invocations=99 (full 0):
 garbage-first heap   total 1593344K, used 1150976K [0x0000000700000000, 0x0000000800000000)
  region size 2048K, 24 young (49152K), 24 survivors (49152K)
 Metaspace       used 343485K, committed 347328K, reserved 1376256K
  class space    used 43709K, committed 45632K, reserved 1048576K
}

Dll operation events (17 events):
Event: 0.118 Loaded shared library S:\Dependency\.gradle\jdks\amazon_com_inc_-21-amd64-windows.2\bin\java.dll
Event: 0.215 Loaded shared library S:\Dependency\.gradle\jdks\amazon_com_inc_-21-amd64-windows.2\bin\jsvml.dll
Event: 0.282 Loaded shared library S:\Dependency\.gradle\jdks\amazon_com_inc_-21-amd64-windows.2\bin\zip.dll
Event: 0.285 Loaded shared library S:\Dependency\.gradle\jdks\amazon_com_inc_-21-amd64-windows.2\bin\instrument.dll
Event: 0.321 Loaded shared library S:\Dependency\.gradle\jdks\amazon_com_inc_-21-amd64-windows.2\bin\net.dll
Event: 0.358 Loaded shared library S:\Dependency\.gradle\jdks\amazon_com_inc_-21-amd64-windows.2\bin\nio.dll
Event: 0.360 Loaded shared library S:\Dependency\.gradle\jdks\amazon_com_inc_-21-amd64-windows.2\bin\zip.dll
Event: 0.620 Loaded shared library S:\Dependency\.gradle\jdks\amazon_com_inc_-21-amd64-windows.2\bin\jimage.dll
Event: 0.913 Loaded shared library S:\Dependency\.gradle\jdks\amazon_com_inc_-21-amd64-windows.2\bin\verify.dll
Event: 0.943 Loaded shared library S:\Dependency\.gradle\native\1def1411415f61bf3af743bc5b6707747c0891f09f0c88961ee8f79bc544acac\windows-amd64\native-platform.dll
Event: 0.959 Loaded shared library S:\Dependency\.gradle\native\0.2.8\x86_64-windows-gnu\gradle-fileevents.dll
Event: 1.776 Loaded shared library S:\Dependency\.gradle\jdks\amazon_com_inc_-21-amd64-windows.2\bin\management.dll
Event: 1.802 Loaded shared library S:\Dependency\.gradle\jdks\amazon_com_inc_-21-amd64-windows.2\bin\management_ext.dll
Event: 1.934 Loaded shared library S:\Dependency\.gradle\jdks\amazon_com_inc_-21-amd64-windows.2\bin\extnet.dll
Event: 2.137 Loaded shared library S:\Dependency\.gradle\jdks\amazon_com_inc_-21-amd64-windows.2\bin\sunmscapi.dll
Event: 88.614 Loaded shared library S:\Dependency\.gradle\jdks\amazon_com_inc_-21-amd64-windows.2\bin\rmi.dll
Event: 141.833 Loaded shared library S:\Dependency\.gradle\jdks\amazon_com_inc_-21-amd64-windows.2\bin\awt.dll

Deoptimization events (20 events):
Event: 155.591 Thread 0x0000022713d65550 DEOPT PACKING pc=0x00000226e1a977e1 sp=0x000000df6b3ff3a0
Event: 155.591 Thread 0x0000022713d65550 DEOPT UNPACKING pc=0x00000226e7a54bc2 sp=0x000000df6b3fe878 mode 0
Event: 155.600 Thread 0x0000022714d553e0 DEOPT PACKING pc=0x00000226e1fd8617 sp=0x000000df6b7fe700
Event: 155.600 Thread 0x0000022714d553e0 DEOPT UNPACKING pc=0x00000226e7a54bc2 sp=0x000000df6b7fde10 mode 0
Event: 155.608 Thread 0x0000022713d66900 DEOPT PACKING pc=0x00000226e1a977e1 sp=0x000000df6b2ff170
Event: 155.608 Thread 0x0000022713d66900 DEOPT UNPACKING pc=0x00000226e7a54bc2 sp=0x000000df6b2fe648 mode 0
Event: 155.613 Thread 0x0000022713d66900 DEOPT PACKING pc=0x00000226e1fd8617 sp=0x000000df6b2fe940
Event: 155.613 Thread 0x0000022713d66900 DEOPT UNPACKING pc=0x00000226e7a54bc2 sp=0x000000df6b2fe050 mode 0
Event: 155.617 Thread 0x0000022713d66900 DEOPT PACKING pc=0x00000226e1fd8617 sp=0x000000df6b2fe940
Event: 155.617 Thread 0x0000022713d66900 DEOPT UNPACKING pc=0x00000226e7a54bc2 sp=0x000000df6b2fe050 mode 0
Event: 155.624 Thread 0x0000022713d65550 DEOPT PACKING pc=0x00000226e1a977e1 sp=0x000000df6b3ff3a0
Event: 155.624 Thread 0x0000022713d65550 DEOPT UNPACKING pc=0x00000226e7a54bc2 sp=0x000000df6b3fe878 mode 0
Event: 155.632 Thread 0x0000022714d553e0 DEOPT PACKING pc=0x00000226e1fd8617 sp=0x000000df6b7fe700
Event: 155.632 Thread 0x0000022714d553e0 DEOPT UNPACKING pc=0x00000226e7a54bc2 sp=0x000000df6b7fde10 mode 0
Event: 155.635 Thread 0x0000022713d66900 Uncommon trap: trap_request=0xffffff45 fr.pc=0x00000226e8e884dc relative=0x00000000000000bc
Event: 155.635 Thread 0x0000022713d66900 Uncommon trap: reason=unstable_if action=reinterpret pc=0x00000226e8e884dc method=java.io.ObjectOutputStream$BlockDataOutputStream.writeByte(I)V @ 7 c2
Event: 155.635 Thread 0x0000022713d66900 DEOPT PACKING pc=0x00000226e8e884dc sp=0x000000df6b2fed90
Event: 155.635 Thread 0x0000022713d66900 DEOPT UNPACKING pc=0x00000226e7a54422 sp=0x000000df6b2fecb0 mode 2
Event: 155.640 Thread 0x0000022713d66900 DEOPT PACKING pc=0x00000226e1a977e1 sp=0x000000df6b2ff170
Event: 155.640 Thread 0x0000022713d66900 DEOPT UNPACKING pc=0x00000226e7a54bc2 sp=0x000000df6b2fe648 mode 0

Classes loaded (20 events):
Event: 141.893 Loading class sun/awt/PostEventQueue
Event: 141.893 Loading class sun/awt/PostEventQueue done
Event: 142.890 Loading class java/util/IdentityHashMap$ValueIterator
Event: 142.891 Loading class java/util/IdentityHashMap$ValueIterator done
Event: 142.891 Loading class sun/awt/AppContext$PostShutdownEventRunnable
Event: 142.891 Loading class sun/awt/AppContext$PostShutdownEventRunnable done
Event: 142.891 Loading class sun/awt/AWTAutoShutdown$1
Event: 142.891 Loading class sun/awt/AWTAutoShutdown$1 done
Event: 142.891 Loading class java/awt/AWTEvent$1
Event: 142.891 Loading class sun/awt/AWTAccessor$AWTEventAccessor
Event: 142.891 Loading class sun/awt/AWTAccessor$AWTEventAccessor done
Event: 142.891 Loading class java/awt/AWTEvent$1 done
Event: 147.456 Loading class javax/xml/stream/FactoryFinder
Event: 147.456 Loading class javax/xml/stream/FactoryFinder done
Event: 147.456 Loading class javax/xml/stream/FactoryFinder$1
Event: 147.456 Loading class javax/xml/stream/FactoryFinder$1 done
Event: 147.569 Loading class javax/xml/stream/events/EntityDeclaration
Event: 147.569 Loading class javax/xml/stream/events/EntityDeclaration done
Event: 151.689 Loading class java/lang/StringIndexOutOfBoundsException
Event: 151.689 Loading class java/lang/StringIndexOutOfBoundsException done

Classes unloaded (20 events):
Event: 82.864 Thread 0x00000226f7265880 Unloading class 0x0000022682c43800 'java/lang/invoke/LambdaForm$MH+0x0000022682c43800'
Event: 82.864 Thread 0x00000226f7265880 Unloading class 0x0000022682c43000 'java/lang/invoke/LambdaForm$MH+0x0000022682c43000'
Event: 82.864 Thread 0x00000226f7265880 Unloading class 0x0000022682c42800 'java/lang/invoke/LambdaForm$MH+0x0000022682c42800'
Event: 82.864 Thread 0x00000226f7265880 Unloading class 0x0000022682c42400 'java/lang/invoke/LambdaForm$MH+0x0000022682c42400'
Event: 82.864 Thread 0x00000226f7265880 Unloading class 0x0000022682c41c00 'java/lang/invoke/LambdaForm$BMH+0x0000022682c41c00'
Event: 82.864 Thread 0x00000226f7265880 Unloading class 0x0000022682c41800 'java/lang/invoke/LambdaForm$BMH+0x0000022682c41800'
Event: 82.864 Thread 0x00000226f7265880 Unloading class 0x0000022682c41400 'java/lang/invoke/LambdaForm$DMH+0x0000022682c41400'
Event: 82.864 Thread 0x00000226f7265880 Unloading class 0x0000022682c41000 'java/lang/invoke/LambdaForm$DMH+0x0000022682c41000'
Event: 82.864 Thread 0x00000226f7265880 Unloading class 0x0000022682c40800 'java/lang/invoke/LambdaForm$DMH+0x0000022682c40800'
Event: 82.864 Thread 0x00000226f7265880 Unloading class 0x0000022682c40400 'java/lang/invoke/LambdaForm$DMH+0x0000022682c40400'
Event: 143.447 Thread 0x00000226f7265880 Unloading class 0x0000022683592c00 'java/lang/invoke/LambdaForm$DMH+0x0000022683592c00'
Event: 143.447 Thread 0x00000226f7265880 Unloading class 0x0000022683592800 'java/lang/invoke/LambdaForm$DMH+0x0000022683592800'
Event: 143.447 Thread 0x00000226f7265880 Unloading class 0x0000022683592400 'java/lang/invoke/LambdaForm$DMH+0x0000022683592400'
Event: 143.447 Thread 0x00000226f7265880 Unloading class 0x0000022683592000 'java/lang/invoke/LambdaForm$DMH+0x0000022683592000'
Event: 143.447 Thread 0x00000226f7265880 Unloading class 0x0000022683591800 'java/lang/invoke/LambdaForm$DMH+0x0000022683591800'
Event: 143.447 Thread 0x00000226f7265880 Unloading class 0x0000022683591c00 'java/lang/invoke/LambdaForm$DMH+0x0000022683591c00'
Event: 143.447 Thread 0x00000226f7265880 Unloading class 0x0000022683591400 'java/lang/invoke/LambdaForm$DMH+0x0000022683591400'
Event: 155.655 Thread 0x00000226f7265880 Unloading class 0x0000022683b59800 'java/lang/invoke/LambdaForm$MH+0x0000022683b59800'
Event: 155.655 Thread 0x00000226f7265880 Unloading class 0x0000022683b59000 'java/lang/invoke/LambdaForm$DMH+0x0000022683b59000'
Event: 155.655 Thread 0x00000226f7265880 Unloading class 0x0000022683b58000 'java/lang/invoke/LambdaForm$DMH+0x0000022683b58000'

Classes redefined (0 events):
No events

Internal exceptions (20 events):
Event: 143.435 Thread 0x0000022714d553e0 Implicit null exception at 0x00000226e91034a7 to 0x00000226e9103e4c
Event: 143.908 Thread 0x0000022714d553e0 Exception <a 'java/lang/NoSuchMethodError'{0x0000000753f1a6d8}: 'void java.lang.invoke.DirectMethodHandle$Holder.invokeSpecial(java.lang.Object, java.lang.Object, java.lang.Object, java.lang.Object, java.lang.Object, java.lang.Object, java.lang.Object, java.lang.Object, java.lang.Object, java.lang.Object)'> (0x0000000753f1a6d8) 
thrown [s\src\hotspot\share\interpreter\linkResolver.cpp, line 773]
Event: 144.271 Thread 0x0000022711e24760 Implicit null exception at 0x00000226e9568bf2 to 0x00000226e9568ec8
Event: 144.272 Thread 0x0000022711e24760 Implicit null exception at 0x00000226e94264c8 to 0x00000226e942680c
Event: 144.738 Thread 0x0000022711e24760 Exception <a 'java/lang/IncompatibleClassChangeError'{0x0000000749a860b0}: Found class java.lang.Object, but interface was expected> (0x0000000749a860b0) 
thrown [s\src\hotspot\share\interpreter\linkResolver.cpp, line 840]
Event: 145.703 Thread 0x0000022714d553e0 Implicit null exception at 0x00000226e8b2630c to 0x00000226e8b26f1c
Event: 146.503 Thread 0x0000022711e24760 Implicit null exception at 0x00000226e8341240 to 0x00000226e834162c
Event: 146.876 Thread 0x00000226d276a6c0 Exception <a 'java/lang/NoSuchMethodError'{0x0000000745600ce8}: 'void java.lang.invoke.DirectMethodHandle$Holder.invokeStatic(java.lang.Object, java.lang.Object, int)'> (0x0000000745600ce8) 
thrown [s\src\hotspot\share\interpreter\linkResolver.cpp, line 773]
Event: 146.905 Thread 0x00000226d276a6c0 Exception <a 'java/lang/NoSuchMethodError'{0x00000007454f03b8}: 'java.lang.Object java.lang.invoke.DirectMethodHandle$Holder.invokeStatic(java.lang.Object, java.lang.Object, java.lang.Object, java.lang.Object, java.lang.Object, int)'> (0x00000007454f03b8) 
thrown [s\src\hotspot\share\interpreter\linkResolver.cpp, line 773]
Event: 148.032 Thread 0x0000022711e24760 Exception <a 'java/lang/NoSuchMethodError'{0x00000007ffae0328}: 'java.lang.Object java.lang.invoke.DirectMethodHandle$Holder.invokeStatic(java.lang.Object, java.lang.Object, java.lang.Object, int, java.lang.Object, java.lang.Object)'> (0x00000007ffae0328) 
thrown [s\src\hotspot\share\interpreter\linkResolver.cpp, line 773]
Event: 150.163 Thread 0x0000022711e24760 Exception <a 'java/lang/NoSuchMethodError'{0x0000000753b6c9f8}: 'java.lang.Object java.lang.invoke.DirectMethodHandle$Holder.invokeStatic(java.lang.Object, int, java.lang.Object, java.lang.Object, java.lang.Object, java.lang.Object, java.lang.Object)'> (0x0000000753b6c9f8) 
thrown [s\src\hotspot\share\interpreter\linkResolver.cpp, line 773]
Event: 150.164 Thread 0x0000022711e24760 Exception <a 'java/lang/NoSuchMethodError'{0x0000000753b76618}: 'java.lang.Object java.lang.invoke.DirectMethodHandle$Holder.newInvokeSpecial(java.lang.Object, int, java.lang.Object, java.lang.Object, java.lang.Object)'> (0x0000000753b76618) 
thrown [s\src\hotspot\share\interpreter\linkResolver.cpp, line 773]
Event: 150.181 Thread 0x0000022712c39b00 Implicit null exception at 0x00000226e83a5ef6 to 0x00000226e83a9348
Event: 150.279 Thread 0x0000022711e24760 Exception <a 'java/lang/NoSuchMethodError'{0x0000000752d6f1a8}: 'int java.lang.invoke.DirectMethodHandle$Holder.invokeStatic(java.lang.Object, java.lang.Object, java.lang.Object, java.lang.Object, java.lang.Object, int, java.lang.Object)'> (0x0000000752d6f1a8) 
thrown [s\src\hotspot\share\interpreter\linkResolver.cpp, line 773]
Event: 150.280 Thread 0x0000022711e24760 Exception <a 'java/lang/NoSuchMethodError'{0x0000000752d777f0}: 'java.lang.Object java.lang.invoke.DirectMethodHandle$Holder.newInvokeSpecial(java.lang.Object, java.lang.Object, java.lang.Object, java.lang.Object, java.lang.Object, int)'> (0x0000000752d777f0) 
thrown [s\src\hotspot\share\interpreter\linkResolver.cpp, line 773]
Event: 150.280 Thread 0x0000022711e24760 Exception <a 'java/lang/NoSuchMethodError'{0x0000000752d7ca28}: 'java.lang.Object java.lang.invoke.DirectMethodHandle$Holder.invokeSpecial(java.lang.Object, java.lang.Object, java.lang.Object, java.lang.Object, java.lang.Object, java.lang.Object, int)'> (0x0000000752d7ca28) 
thrown [s\src\hotspot\share\interpreter\linkResolver.cpp, line 773]
Event: 150.280 Thread 0x0000022711e24760 Exception <a 'java/lang/NoSuchMethodError'{0x0000000752d812e8}: 'java.lang.Object java.lang.invoke.Invokers$Holder.linkToTargetMethod(java.lang.Object, java.lang.Object, java.lang.Object, java.lang.Object, int, java.lang.Object)'> (0x0000000752d812e8) 
thrown [s\src\hotspot\share\interpreter\linkResolver.cpp, line 773]
Event: 150.386 Thread 0x00000226d276a6c0 Implicit null exception at 0x00000226e8e728b0 to 0x00000226e8e78734
Event: 154.011 Thread 0x0000022714d553e0 Implicit null exception at 0x00000226e8b7bdb4 to 0x00000226e8b7bfc8
Event: 155.090 Thread 0x00000227117f72f0 Implicit null exception at 0x00000226e8fdf520 to 0x00000226e8fdf5ec

ZGC Phase Switch (0 events):
No events

VM Operations (20 events):
Event: 153.188 Executing safepoint VM operation: ICBufferFull done
Event: 153.377 Executing safepoint VM operation: ICBufferFull
Event: 153.377 Executing safepoint VM operation: ICBufferFull done
Event: 153.492 Executing safepoint VM operation: G1CollectForAllocation (G1 Evacuation Pause)
Event: 153.618 Executing safepoint VM operation: G1CollectForAllocation (G1 Evacuation Pause) done
Event: 153.842 Executing non-safepoint VM operation: HandshakeAllThreads (Deoptimize)
Event: 153.860 Executing non-safepoint VM operation: HandshakeAllThreads (Deoptimize) done
Event: 154.036 Executing safepoint VM operation: ICBufferFull
Event: 154.037 Executing safepoint VM operation: ICBufferFull done
Event: 154.076 Executing safepoint VM operation: G1CollectForAllocation (G1 Evacuation Pause)
Event: 154.200 Executing safepoint VM operation: G1CollectForAllocation (G1 Evacuation Pause) done
Event: 154.839 Executing safepoint VM operation: G1CollectForAllocation (G1 Evacuation Pause)
Event: 154.940 Executing safepoint VM operation: G1CollectForAllocation (G1 Evacuation Pause) done
Event: 155.090 Executing non-safepoint VM operation: HandshakeAllThreads (Deoptimize)
Event: 155.101 Executing non-safepoint VM operation: HandshakeAllThreads (Deoptimize) done
Event: 155.441 Executing non-safepoint VM operation: HandshakeAllThreads (Deoptimize)
Event: 155.458 Executing non-safepoint VM operation: HandshakeAllThreads (Deoptimize) done
Event: 155.514 Executing safepoint VM operation: ICBufferFull
Event: 155.517 Executing safepoint VM operation: ICBufferFull done
Event: 155.654 Executing safepoint VM operation: G1PauseRemark

Memory protections (0 events):
No events

Nmethod flushes (20 events):
Event: 155.700 Thread 0x00000226f7265880 flushing  nmethod 0x00000226e3e34590
Event: 155.700 Thread 0x00000226f7265880 flushing  nmethod 0x00000226e3e37490
Event: 155.700 Thread 0x00000226f7265880 flushing  nmethod 0x00000226e3f28a90
Event: 155.700 Thread 0x00000226f7265880 flushing  nmethod 0x00000226e3f29c10
Event: 155.700 Thread 0x00000226f7265880 flushing  nmethod 0x00000226e3fa5a90
Event: 155.700 Thread 0x00000226f7265880 flushing  nmethod 0x00000226e3fa6a90
Event: 155.700 Thread 0x00000226f7265880 flushing  nmethod 0x00000226e3fa7810
Event: 155.700 Thread 0x00000226f7265880 flushing  nmethod 0x00000226e3fa7c90
Event: 155.700 Thread 0x00000226f7265880 flushing  nmethod 0x00000226e3fa8310
Event: 155.700 Thread 0x00000226f7265880 flushing  nmethod 0x00000226e3fa8b10
Event: 155.700 Thread 0x00000226f7265880 flushing  nmethod 0x00000226e4032410
Event: 155.700 Thread 0x00000226f7265880 flushing  nmethod 0x00000226e4035890
Event: 155.700 Thread 0x00000226f7265880 flushing  nmethod 0x00000226e4037690
Event: 155.700 Thread 0x00000226f7265880 flushing  nmethod 0x00000226e406d210
Event: 155.700 Thread 0x00000226f7265880 flushing  nmethod 0x00000226e406ef10
Event: 155.700 Thread 0x00000226f7265880 flushing  nmethod 0x00000226e407c290
Event: 155.700 Thread 0x00000226f7265880 flushing  nmethod 0x00000226e407d010
Event: 155.700 Thread 0x00000226f7265880 flushing  nmethod 0x00000226e41ba490
Event: 155.700 Thread 0x00000226f7265880 flushing  nmethod 0x00000226e41ba810
Event: 155.700 Thread 0x00000226f7265880 flushing  nmethod 0x00000226e41e7090

Events (20 events):
Event: 138.986 Thread 0x00000226d276a6c0 Thread added: 0x0000022714d54d50
Event: 138.986 Thread 0x0000022713d65550 Thread added: 0x0000022712c39b00
Event: 138.988 Thread 0x0000022714d54d50 Thread added: 0x00000227117f86a0
Event: 138.989 Thread 0x0000022712c39b00 Thread added: 0x0000022714d553e0
Event: 138.995 Thread 0x00000226d276a6c0 Thread added: 0x000002271494d390
Event: 138.998 Thread 0x000002271494d390 Thread added: 0x00000227117f72f0
Event: 139.764 Thread 0x0000022711e24760 Thread added: 0x00000227117f93c0
Event: 139.790 Thread 0x0000022711e24760 Thread added: 0x000002271494c670
Event: 141.387 Thread 0x0000022711e24760 Thread added: 0x000002270477ec40
Event: 141.874 Thread 0x0000022711e24760 Thread added: 0x000002270477fff0
Event: 141.875 Thread 0x0000022711e24760 Thread added: 0x0000022704780d10
Event: 141.876 Thread 0x0000022711e24760 Thread added: 0x0000022704780680
Event: 142.891 Thread 0x0000022704780d10 Thread exited: 0x0000022704780d10
Event: 144.836 Thread 0x000002270477ec40 Thread added: 0x0000022712102480
Event: 147.976 Thread 0x00000226d3d1cb70 Thread exited: 0x00000226d3d1cb70
Event: 148.126 Thread 0x000002270477ec40 Thread added: 0x00000227117fa770
Event: 148.126 Thread 0x0000022712102480 Thread added: 0x00000227115c16e0
Event: 148.267 Thread 0x00000226d3d1bdd0 Thread exited: 0x00000226d3d1bdd0
Event: 148.295 Thread 0x00000226f72a34c0 Thread added: 0x00000226d206bb70
Event: 148.335 Thread 0x00000226f72a34c0 Thread added: 0x00000226d20684f0


Dynamic libraries:
0x00007ff75a640000 - 0x00007ff75a64e000 	S:\Dependency\.gradle\jdks\amazon_com_inc_-21-amd64-windows.2\bin\java.exe
0x00007ffef1020000 - 0x00007ffef1286000 	C:\Windows\SYSTEM32\ntdll.dll
0x00007ffef0a50000 - 0x00007ffef0b19000 	C:\Windows\System32\KERNEL32.DLL
0x00007ffeee240000 - 0x00007ffeee63e000 	C:\Windows\System32\KERNELBASE.dll
0x00007ffeeebf0000 - 0x00007ffeeed3c000 	C:\Windows\System32\ucrtbase.dll
0x00007ffee5ab0000 - 0x00007ffee5ac8000 	S:\Dependency\.gradle\jdks\amazon_com_inc_-21-amd64-windows.2\bin\jli.dll
0x00007ffeef7c0000 - 0x00007ffeef987000 	C:\Windows\System32\USER32.dll
0x00007ffed4ff0000 - 0x00007ffed5282000 	C:\Windows\WinSxS\amd64_microsoft.windows.common-controls_6595b64144ccf1df_6.0.26100.8875_none_3e0d5d42e32fe9dd\COMCTL32.dll
0x00007ffeeebc0000 - 0x00007ffeeebe7000 	C:\Windows\System32\win32u.dll
0x00007ffef0b40000 - 0x00007ffef0be9000 	C:\Windows\System32\msvcrt.dll
0x00007ffef07e0000 - 0x00007ffef080b000 	C:\Windows\System32\GDI32.dll
0x00007ffeee7c0000 - 0x00007ffeee8ea000 	C:\Windows\System32\gdi32full.dll
0x00007ffeee650000 - 0x00007ffeee6f3000 	C:\Windows\System32\msvcp_win.dll
0x00007ffede390000 - 0x00007ffede3ae000 	S:\Dependency\.gradle\jdks\amazon_com_inc_-21-amd64-windows.2\bin\VCRUNTIME140.dll
0x00007ffeeed50000 - 0x00007ffeeed82000 	C:\Windows\System32\IMM32.DLL
0x00007ffede930000 - 0x00007ffede93c000 	S:\Dependency\.gradle\jdks\amazon_com_inc_-21-amd64-windows.2\bin\vcruntime140_1.dll
0x00007ffedc330000 - 0x00007ffedc3b9000 	S:\Dependency\.gradle\jdks\amazon_com_inc_-21-amd64-windows.2\bin\msvcp140.dll
0x00007ffdf7be0000 - 0x00007ffdf8988000 	S:\Dependency\.gradle\jdks\amazon_com_inc_-21-amd64-windows.2\bin\server\jvm.dll
0x00007ffeef680000 - 0x00007ffeef737000 	C:\Windows\System32\ADVAPI32.dll
0x00007ffef0f30000 - 0x00007ffef0fda000 	C:\Windows\System32\sechost.dll
0x00007ffef06c0000 - 0x00007ffef07d8000 	C:\Windows\System32\RPCRT4.dll
0x00007ffef09c0000 - 0x00007ffef0a40000 	C:\Windows\System32\WS2_32.dll
0x00007ffeee0a0000 - 0x00007ffeee0fe000 	C:\Windows\SYSTEM32\POWRPROF.dll
0x00007ffed8eb0000 - 0x00007ffed8ee6000 	C:\Windows\SYSTEM32\WINMM.dll
0x00007ffedd680000 - 0x00007ffedd68b000 	C:\Windows\SYSTEM32\VERSION.dll
0x00007ffeee080000 - 0x00007ffeee094000 	C:\Windows\SYSTEM32\UMPDC.dll
0x00007ffeecf20000 - 0x00007ffeecf3b000 	C:\Windows\SYSTEM32\kernel.appcore.dll
0x00007ffede380000 - 0x00007ffede38a000 	S:\Dependency\.gradle\jdks\amazon_com_inc_-21-amd64-windows.2\bin\jimage.dll
0x00007ffeeb030000 - 0x00007ffeeb272000 	C:\Windows\SYSTEM32\DBGHELP.DLL
0x00007ffeef990000 - 0x00007ffeefd13000 	C:\Windows\System32\combase.dll
0x00007ffef05e0000 - 0x00007ffef06b9000 	C:\Windows\System32\OLEAUT32.dll
0x00007ffeca0b0000 - 0x00007ffeca0eb000 	C:\Windows\SYSTEM32\dbgcore.DLL
0x00007ffeee700000 - 0x00007ffeee7ac000 	C:\Windows\System32\bcryptPrimitives.dll
0x00007ffedde70000 - 0x00007ffedde80000 	S:\Dependency\.gradle\jdks\amazon_com_inc_-21-amd64-windows.2\bin\instrument.dll
0x00007ffed7e50000 - 0x00007ffed7e71000 	S:\Dependency\.gradle\jdks\amazon_com_inc_-21-amd64-windows.2\bin\java.dll
0x00007ffeefd20000 - 0x00007ffef04b2000 	C:\Windows\System32\SHELL32.dll
0x00007ffeebd00000 - 0x00007ffeec592000 	C:\Windows\SYSTEM32\windows.storage.dll
0x00007ffef04e0000 - 0x00007ffef05d7000 	C:\Windows\System32\SHCORE.dll
0x00007ffeef510000 - 0x00007ffeef577000 	C:\Windows\System32\shlwapi.dll
0x00007ffeee160000 - 0x00007ffeee189000 	C:\Windows\SYSTEM32\profapi.dll
0x00007ffe8cd00000 - 0x00007ffe8cdd7000 	S:\Dependency\.gradle\jdks\amazon_com_inc_-21-amd64-windows.2\bin\jsvml.dll
0x00007ffed7e30000 - 0x00007ffed7e48000 	S:\Dependency\.gradle\jdks\amazon_com_inc_-21-amd64-windows.2\bin\zip.dll
0x00007ffed7e10000 - 0x00007ffed7e21000 	S:\Dependency\.gradle\jdks\amazon_com_inc_-21-amd64-windows.2\bin\net.dll
0x00007ffee0a60000 - 0x00007ffee0b87000 	C:\Windows\SYSTEM32\WINHTTP.dll
0x00007ffeed4d0000 - 0x00007ffeed53c000 	C:\Windows\system32\mswsock.dll
0x00007ffed7df0000 - 0x00007ffed7e06000 	S:\Dependency\.gradle\jdks\amazon_com_inc_-21-amd64-windows.2\bin\nio.dll
0x00007ffedde60000 - 0x00007ffedde70000 	S:\Dependency\.gradle\jdks\amazon_com_inc_-21-amd64-windows.2\bin\verify.dll
0x00007ffe615b0000 - 0x00007ffe615d7000 	S:\Dependency\.gradle\native\1def1411415f61bf3af743bc5b6707747c0891f09f0c88961ee8f79bc544acac\windows-amd64\native-platform.dll
0x00007ffea5ac0000 - 0x00007ffea5b37000 	S:\Dependency\.gradle\native\0.2.8\x86_64-windows-gnu\gradle-fileevents.dll
0x00007ffedc8d0000 - 0x00007ffedc8da000 	S:\Dependency\.gradle\jdks\amazon_com_inc_-21-amd64-windows.2\bin\management.dll
0x00007ffedc810000 - 0x00007ffedc81c000 	S:\Dependency\.gradle\jdks\amazon_com_inc_-21-amd64-windows.2\bin\management_ext.dll
0x00007ffef0b30000 - 0x00007ffef0b38000 	C:\Windows\System32\PSAPI.DLL
0x00007ffeeca40000 - 0x00007ffeeca73000 	C:\Windows\SYSTEM32\IPHLPAPI.DLL
0x00007ffef0980000 - 0x00007ffef098a000 	C:\Windows\System32\NSI.dll
0x00007ffedc780000 - 0x00007ffedc789000 	S:\Dependency\.gradle\jdks\amazon_com_inc_-21-amd64-windows.2\bin\extnet.dll
0x00007ffeed7d0000 - 0x00007ffeed7eb000 	C:\Windows\SYSTEM32\CRYPTSP.dll
0x00007ffeece80000 - 0x00007ffeeceb9000 	C:\Windows\system32\rsaenh.dll
0x00007ffeed590000 - 0x00007ffeed5c2000 	C:\Windows\SYSTEM32\USERENV.dll
0x00007ffeee130000 - 0x00007ffeee15a000 	C:\Windows\SYSTEM32\bcrypt.dll
0x00007ffeed7f0000 - 0x00007ffeed7fc000 	C:\Windows\SYSTEM32\CRYPTBASE.dll
0x00007ffedc320000 - 0x00007ffedc32e000 	S:\Dependency\.gradle\jdks\amazon_com_inc_-21-amd64-windows.2\bin\sunmscapi.dll
0x00007ffeee9b0000 - 0x00007ffeeeb28000 	C:\Windows\System32\CRYPT32.dll
0x00007ffeeda10000 - 0x00007ffeeda40000 	C:\Windows\SYSTEM32\ncrypt.dll
0x00007ffeed9c0000 - 0x00007ffeed9ff000 	C:\Windows\SYSTEM32\NTASN1.dll
0x00007ffec6830000 - 0x00007ffec6838000 	C:\Windows\system32\wshunix.dll
0x00007ffeeca80000 - 0x00007ffeecbd6000 	C:\Windows\SYSTEM32\DNSAPI.dll
0x00007ffeed2d0000 - 0x00007ffeed2dd000 	C:\Windows\SYSTEM32\DSPARSE.dll
0x00007ffee0a30000 - 0x00007ffee0a3b000 	C:\Windows\System32\rasadhlp.dll
0x00007ffee5710000 - 0x00007ffee5796000 	C:\Windows\System32\fwpuclnt.dll
0x00007ffeed050000 - 0x00007ffeed086000 	C:\Windows\SYSTEM32\ntmarta.dll
0x00007ffeead90000 - 0x00007ffeead97000 	S:\Dependency\.gradle\jdks\amazon_com_inc_-21-amd64-windows.2\bin\rmi.dll
0x00007ffe7a010000 - 0x00007ffe7a1a3000 	S:\Dependency\.gradle\jdks\amazon_com_inc_-21-amd64-windows.2\bin\awt.dll
0x00007ffeeae30000 - 0x00007ffeeaed0000 	C:\Windows\SYSTEM32\apphelp.dll
0x00007ffeeb370000 - 0x00007ffeeb419000 	C:\Windows\system32\uxtheme.dll
0x00007ffef0810000 - 0x00007ffef096d000 	C:\Windows\System32\MSCTF.dll
0x00007ffeef2e0000 - 0x00007ffeef479000 	C:\Windows\System32\ole32.dll

JVMTI agents:
S:\Dependency\.gradle\wrapper\dists\gradle-9.1.0-bin\9agqghryom9wkf8r80qlhnts3\gradle-9.1.0\lib\agents\gradle-instrumentation-agent-9.1.0.jar path:S:\Dependency\.gradle\jdks\amazon_com_inc_-21-amd64-windows.2\bin\instrument.dll, loaded, initialized, instrumentlib options:none

dbghelp: loaded successfully - version: 4.0.5 - missing functions: none
symbol engine: initialized successfully - sym options: 0x614 - pdb path: .;S:\Dependency\.gradle\jdks\amazon_com_inc_-21-amd64-windows.2\bin;C:\Windows\SYSTEM32;C:\Windows\WinSxS\amd64_microsoft.windows.common-controls_6595b64144ccf1df_6.0.26100.8875_none_3e0d5d42e32fe9dd;S:\Dependency\.gradle\jdks\amazon_com_inc_-21-amd64-windows.2\bin\server;S:\Dependency\.gradle\native\1def1411415f61bf3af743bc5b6707747c0891f09f0c88961ee8f79bc544acac\windows-amd64;S:\Dependency\.gradle\native\0.2.8\x86_64-windows-gnu

VM Arguments:
jvm_args: --add-opens=java.base/java.lang=ALL-UNNAMED --add-opens=java.base/java.lang.invoke=ALL-UNNAMED --add-opens=java.base/java.util=ALL-UNNAMED --add-opens=java.prefs/java.util.prefs=ALL-UNNAMED --add-exports=jdk.compiler/com.sun.tools.javac.api=ALL-UNNAMED --add-exports=jdk.compiler/com.sun.tools.javac.util=ALL-UNNAMED --add-opens=java.base/java.util=ALL-UNNAMED --add-opens=java.prefs/java.util.prefs=ALL-UNNAMED --add-opens=java.base/java.nio.charset=ALL-UNNAMED --add-opens=java.base/java.net=ALL-UNNAMED --add-opens=java.base/java.util.concurrent=ALL-UNNAMED --add-opens=java.base/java.util.concurrent.atomic=ALL-UNNAMED --add-opens=java.xml/javax.xml.namespace=ALL-UNNAMED --add-opens=java.base/java.time=ALL-UNNAMED -Xmx4096M -Dfile.encoding=UTF-8 -Duser.country=IN -Duser.language=en -Duser.variant -javaagent:S:\Dependency\.gradle\wrapper\dists\gradle-9.1.0-bin\9agqghryom9wkf8r80qlhnts3\gradle-9.1.0\lib\agents\gradle-instrumentation-agent-9.1.0.jar 
java_command: org.gradle.launcher.daemon.bootstrap.GradleDaemon 9.1.0
java_class_path (initial): S:\Dependency\.gradle\wrapper\dists\gradle-9.1.0-bin\9agqghryom9wkf8r80qlhnts3\gradle-9.1.0\lib\gradle-daemon-main-9.1.0.jar
Launcher Type: SUN_STANDARD

[Global flags]
     intx CICompilerCount                          = 4                                         {product} {ergonomic}
     uint ConcGCThreads                            = 2                                         {product} {ergonomic}
     uint G1ConcRefinementThreads                  = 8                                         {product} {ergonomic}
   size_t G1HeapRegionSize                         = 2097152                                   {product} {ergonomic}
    uintx GCDrainStackTargetSize                   = 64                                        {product} {ergonomic}
   size_t InitialHeapSize                          = 400556032                                 {product} {ergonomic}
   size_t MarkStackSize                            = 4194304                                   {product} {ergonomic}
   size_t MaxHeapSize                              = 4294967296                                {product} {command line}
   size_t MaxNewSize                               = 2575302656                                {product} {ergonomic}
   size_t MinHeapDeltaBytes                        = 2097152                                   {product} {ergonomic}
   size_t MinHeapSize                              = 8388608                                   {product} {ergonomic}
    uintx NonNMethodCodeHeapSize                   = 5839372                                {pd product} {ergonomic}
    uintx NonProfiledCodeHeapSize                  = 122909434                              {pd product} {ergonomic}
    uintx ProfiledCodeHeapSize                     = 122909434                              {pd product} {ergonomic}
    uintx ReservedCodeCacheSize                    = 251658240                              {pd product} {ergonomic}
     bool SegmentedCodeCache                       = true                                      {product} {ergonomic}
   size_t SoftMaxHeapSize                          = 4294967296                             {manageable} {ergonomic}
     bool UseCompressedOops                        = true                           {product lp64_product} {ergonomic}
     bool UseG1GC                                  = true                                      {product} {ergonomic}
     bool UseLargePagesIndividualAllocation        = false                                  {pd product} {ergonomic}

Logging:
Log output configuration:
 #0: stdout all=warning uptime,level,tags foldmultilines=false
 #1: stderr all=off uptime,level,tags foldmultilines=false

Release file:
IMPLEMENTOR="Amazon.com Inc." 
IMPLEMENTOR_VERSION="Corretto-21.0.11.10.1" 
JAVA_RUNTIME_VERSION="21.0.11+10-LTS" 
JAVA_VERSION="21.0.11" 
JAVA_VERSION_DATE="2026-04-21" 
LIBC="default" 
MODULES="java.base java.compiler java.datatransfer java.xml java.prefs java.desktop java.instrument java.logging java.management java.security.sasl java.naming java.rmi java.management.rmi java.net.http java.scripting java.security.jgss java.transaction.xa java.sql java.sql.rowset java.xml.crypto java.se java.smartcardio jdk.accessibility jdk.internal.jvmstat jdk.attach jdk.charsets jdk.internal.opt jdk.zipfs jdk.compiler jdk.crypto.ec jdk.crypto.cryptoki jdk.crypto.mscapi jdk.dynalink jdk.internal.ed jdk.editpad jdk.hotspot.agent jdk.httpserver jdk.incubator.vector jdk.internal.le jdk.internal.vm.ci jdk.internal.vm.compiler jdk.internal.vm.compiler.management jdk.jartool jdk.javadoc jdk.jcmd jdk.management jdk.management.agent jdk.jconsole jdk.jdeps jdk.jdwp.agent jdk.jdi jdk.jfr jdk.jlink jdk.jpackage jdk.jshell jdk.jsobject jdk.jstatd jdk.localedata jdk.management.jfr jdk.naming.dns jdk.naming.rmi jdk.net jdk.nio.mapmode jdk.random jdk.sctp jdk.security.auth jdk.security.jgss jdk.unsupported jdk.unsupported.desktop jdk.xml.dom" 
OS_ARCH="x86_64" 
OS_NAME="Windows" 
SOURCE="" 

Environment Variables:
JAVA_HOME=C:\Program Files\Java\jdk-21
PATH=C:\oraclexe\app\oracle\product\11.2.0\server\bin;;C:\Program Files\Common Files\Oracle\Java\javapath;C:\Program Files (x86)\Common Files\Oracle\Java\java8path;C:\Program Files (x86)\Common Files\Oracle\Java\javapath;C:\Windows\system32;C:\Windows;C:\Windows\System32\Wbem;C:\Windows\System32\WindowsPowerShell\v1.0\;C:\Windows\System32\OpenSSH\;C:\Program Files\dotnet\;C:\Program Files\NVIDIA Corporation\NVIDIA App\NvDLISR;C:\Program Files (x86)\NVIDIA Corporation\PhysX\Common;C:\Program Files\Git\cmd;C:\ProgramData\chocolatey\bin;C:\Program Files\nodejs\;S:\Software\Git LFS;C:\Program Files\Go\bin;S:\Software\Sunshine;S:\Software\Sunshine\tools;C:\Program Files\GitHub CLI\;C:\Program Files\playit_gg\bin\;C:\ProgramData\AndroidCLI;C:\Users\gopik\AppData\Local\agy\bin;C:\Users\gopik\.cargo\bin;C:\Users\gopik\AppData\Local\Programs\Python\Python314\Scripts\;C:\Users\gopik\AppData\Local\Programs\Python\Python314\;C:\Users\gopik\AppData\Local\Programs\Python\Python313\Scripts\;C:\Users\gopik\AppData\Local\Programs\Python\Python313\;C:\Users\gopik\scoop\shims;C:\Program Files\Common Files\Oracle\Java\javapath;C:\Program Files (x86)\Common Files\Oracle\Java\java8path;C:\Program Files (x86)\Common Files\Oracle\Java\javapath;C:\Windows\system32;C:\Windows;C:\Windows\System32\Wbem;C:\Windows\System32\WindowsPowerShell\v1.0\;C:\Windows\System32\OpenSSH\;C:\Program Files\dotnet\;C:\Program Files\NVIDIA Corporation\NVIDIA App\NvDLISR;C:\Program Files (x86)\NVIDIA Corporation\PhysX\Common;C:\Program Files\Git\cmd;S:\Software\Node\;C:\Program Files\Common Files\Oracle\Java\javapath;C:\Program Files (x86)\Common Files\Oracle\Java\java8path;C:\Program Files (x86)\Common Files\Oracle\Java\javapath;C:\Windows\system32;C:\Windows;C:\Windows\System32\Wbem;C:\Windows\System32\WindowsPowerShell\v1.0\;C:\Windows\System32\OpenSSH\;C:\Program Files\dotnet\;C:\Program Files\NVIDIA Corporation\NVIDIA App\NvDLISR;C:\Program Files (x86)\NVIDIA Corporation\PhysX\Common;C:\Program Files\Git\cmd;S:\Software\Node\;S:\Software\Android\platform-tools;S:\Software\Android\cmdline-tools\latest\bin;S:\Software\flutter\bin;C:\Windows\system32;C:\Windows;C:\Windows\System32\Wbem;C:\Windows\System32\WindowsPowerShell\v1.0\;S:\Software\Microsoft VS Code\bin;C:\Users\gopik\AppData\Local\Programs\Python\Python313;C:\Users\gopik\AppData\Local\Programs\Python\Python313\Scripts;C:\Users\gopik\AppData\Roaming\npm;S:\Software\syncthing-windows-amd64-v1.29.6\syncthing-windows-amd64-v1.29.6;C:\Users\gopik\go\bin;C:\Users\gopik\go\bin;s:\Web Projects\PokéSplash\pokesplash.exe;s:\Web Projects\PokéSplash;C:\Users\gopik\AppData\Local\Microsoft\WindowsApps;S:\Software\Visual Studio\VC\Redist\MSVC\14.44.34433\x64\Microsoft.VC144.CRT;C:\Users\gopik\AppData\Local\GitHubDesktop\bin;C:\Users\gopik\AppData\Roaming\npm;C:\Users\gopik\AppData\Local\PowerToys\DSCModules\;C:\Users\gopik\AppData\AndroidCLI; C:\Users\gopik\.local\bin;C:\Users\gopik\AppData\Local\usbtree\bin
USERNAME=gopik
OS=Windows_NT
PROCESSOR_IDENTIFIER=Intel64 Family 6 Model 165 Stepping 2, GenuineIntel
TMP=C:\Users\gopik\AppData\Local\Temp
TEMP=C:\Users\gopik\AppData\Local\Temp




Periodic native trim disabled

---------------  S Y S T E M  ---------------

OS:
 Windows 11 , 64 bit Build 26100 (10.0.26100.8875)
OS uptime: 0 days 1:03 hours

CPU: total 8 (initial active 8) (4 cores per cpu, 2 threads per core) family 6 model 165 stepping 2 microcode 0xe0, cx8, cmov, fxsr, ht, mmx, 3dnowpref, sse, sse2, sse3, ssse3, sse4.1, sse4.2, popcnt, lzcnt, tsc, tscinvbit, avx, avx2, aes, erms, clmul, bmi1, bmi2, adx, fma, vzeroupper, clflush, clflushopt, rdtscp, f16c, pku
Processor Information for the first 8 processors :
  Max Mhz: 2496, Current Mhz: 2496, Mhz Limit: 2496

Memory: 4k page, system-wide physical 24363M (3847M free)
TotalPageFile size 24363M (AvailPageFile size 124M)
current process WorkingSet (physical memory assigned to process): 2347M, peak: 2359M
current process commit charge ("private bytes"): 2384M, peak: 2708M

vm_info: OpenJDK 64-Bit Server VM (21.0.11+10-LTS) for windows-amd64 JRE (21.0.11+10-LTS), built on 2026-04-18T07:30:30Z by "Administrator" with MS VC++ 17.14 (VS2022)

END.
