#
# There is insufficient memory for the Java Runtime Environment to continue.
# Native memory allocation (mmap) failed to map 1153433600 bytes. Error detail: G1 virtual space
# Possible reasons:
#   The system is out of physical RAM or swap space
#   This process is running with CompressedOops enabled, and the Java Heap may be blocking the growth of the native heap
# Possible solutions:
#   Reduce memory load on the system
#   Increase physical memory or swap space
#   Check if swap backing store is full
#   Decrease Java heap size (-Xmx/-Xms)
#   Decrease number of Java threads
#   Decrease Java thread stack sizes (-Xss)
#   Set larger code cache with -XX:ReservedCodeCacheSize=
#   JVM is running with Zero Based Compressed Oops mode in which the Java heap is
#     placed in the first 32GB address space. The Java Heap base address is the
#     maximum limit for the native heap growth. Please use -XX:HeapBaseMinAddress
#     to set the Java Heap base and to place the Java Heap above 32GB virtual address.
# This output file may be truncated or incomplete.
#
#  Out of Memory Error (os_windows.cpp:3714), pid=3816, tid=1592
#
# JRE version: OpenJDK Runtime Environment Corretto-21.0.11.10.1 (21.0.11+10) (build 21.0.11+10-LTS)
# Java VM: OpenJDK 64-Bit Server VM Corretto-21.0.11.10.1 (21.0.11+10-LTS, mixed mode, sharing, tiered, compressed oops, compressed class ptrs, g1 gc, windows-amd64)
# No core dump will be written. Minidumps are not enabled by default on client versions of Windows
#

---------------  S U M M A R Y ------------

Command Line: --add-opens=java.base/java.lang=ALL-UNNAMED --add-opens=java.base/java.lang.invoke=ALL-UNNAMED --add-opens=java.base/java.util=ALL-UNNAMED --add-opens=java.prefs/java.util.prefs=ALL-UNNAMED --add-exports=jdk.compiler/com.sun.tools.javac.api=ALL-UNNAMED --add-exports=jdk.compiler/com.sun.tools.javac.util=ALL-UNNAMED --add-opens=java.base/java.util=ALL-UNNAMED --add-opens=java.prefs/java.util.prefs=ALL-UNNAMED --add-opens=java.base/java.nio.charset=ALL-UNNAMED --add-opens=java.base/java.net=ALL-UNNAMED --add-opens=java.base/java.util.concurrent=ALL-UNNAMED --add-opens=java.base/java.util.concurrent.atomic=ALL-UNNAMED --add-opens=java.xml/javax.xml.namespace=ALL-UNNAMED --add-opens=java.base/java.time=ALL-UNNAMED -Xmx4096M -Dfile.encoding=UTF-8 -Duser.country=IN -Duser.language=en -Duser.variant -javaagent:S:\Dependency\.gradle\wrapper\dists\gradle-9.1.0-bin\9agqghryom9wkf8r80qlhnts3\gradle-9.1.0\lib\agents\gradle-instrumentation-agent-9.1.0.jar org.gradle.launcher.daemon.bootstrap.GradleDaemon 9.1.0

Host: Intel(R) Core(TM) i5-10300H CPU @ 2.50GHz, 8 cores, 23G,  Windows 11 , 64 bit Build 26100 (10.0.26100.8875)
Time: Sat Aug  1 22:49:42 2026 India Standard Time elapsed time: 29.212828 seconds (0d 0h 0m 29s)

---------------  T H R E A D  ---------------

Current thread (0x000002a1f2f20740):  VMThread "VM Thread"          [id=1592, stack(0x000000bc14d00000,0x000000bc14e00000) (1024K)]

Stack: [0x000000bc14d00000,0x000000bc14e00000]
Native frames: (J=compiled Java code, j=interpreted, Vv=VM code, C=native code)
V  [jvm.dll+0x6df899]
V  [jvm.dll+0x8bc52b]
V  [jvm.dll+0x8beaba]
V  [jvm.dll+0x8bf193]
V  [jvm.dll+0x28aa16]
V  [jvm.dll+0x6dc1f5]
V  [jvm.dll+0x6d003a]
V  [jvm.dll+0x3650fe]
V  [jvm.dll+0x36cfcb]
V  [jvm.dll+0x3bea89]
V  [jvm.dll+0x3bed2b]
V  [jvm.dll+0x3392c7]
V  [jvm.dll+0x339357]
V  [jvm.dll+0x37d83c]
V  [jvm.dll+0x37c01e]
V  [jvm.dll+0x338a21]
V  [jvm.dll+0x37b68a]
V  [jvm.dll+0x8c4eef]
V  [jvm.dll+0x8c63d3]
V  [jvm.dll+0x8c6944]
V  [jvm.dll+0x8c6a43]
V  [jvm.dll+0x8672bd]
V  [jvm.dll+0x6de09d]
C  [ucrtbase.dll+0x2cd30]
C  [KERNEL32.DLL+0x2e957]
C  [ntdll.dll+0xaad6c]

VM_Operation (0x000000bc1dffd590): G1CollectForAllocation, mode: safepoint, requested by thread 0x000002a1ff5edc70


---------------  P R O C E S S  ---------------

Threads class SMR info:
_java_thread_list=0x000002a1ffa1b5d0, length=143, elements={
0x000002a1d3ef2dd0, 0x000002a1f2f3d540, 0x000002a1f2f40b20, 0x000002a1f2f465d0,
0x000002a1f2f49b20, 0x000002a1f2f481b0, 0x000002a1f2f4c100, 0x000002a1f2f56f70,
0x000002a1f2f81df0, 0x000002a1f36204a0, 0x000002a1f361fbb0, 0x000002a1f9299030,
0x000002a1f877eac0, 0x000002a1f9358870, 0x000002a1f9348720, 0x000002a1f9348d90,
0x000002a1f933c270, 0x000002a1f95f0720, 0x000002a1f95f2160, 0x000002a1f95ef370,
0x000002a1f95f27f0, 0x000002a1f95efa00, 0x000002a1f95f0090, 0x000002a1f95f0db0,
0x000002a1fad7b0d0, 0x000002a1fad7d830, 0x000002a1fad7ebe0, 0x000002a1fad7c480,
0x000002a1fad7cb10, 0x000002a1fad7e550, 0x000002a1fad7b760, 0x000002a1fad7d1a0,
0x000002a1fad7bdf0, 0x000002a1fad80620, 0x000002a1fad80cb0, 0x000002a1fad7ff90,
0x000002a1fad81340, 0x000002a1fad7f900, 0x000002a1fad826f0, 0x000002a1f3a90bf0,
0x000002a1f3a90560, 0x000002a1f3a8fed0, 0x000002a1f3a91280, 0x000002a1f3a91910,
0x000002a1f3a91fa0, 0x000002a1f3a8eb20, 0x000002a1f3a92630, 0x000002a1f3a8f1b0,
0x000002a1f3a92cc0, 0x000002a1f3a8f840, 0x000002a1f3a94070, 0x000002a1f3a94700,
0x000002a1f3a939e0, 0x000002a1f3a93350, 0x000002a1f3a95ab0, 0x000002a1f3a94d90,
0x000002a1f3a95420, 0x000002a1f3a96140, 0x000002a1fe754bd0, 0x000002a1fe755f80,
0x000002a1fe755260, 0x000002a1fe757330, 0x000002a1fe7558f0, 0x000002a1fe756610,
0x000002a1fe7579c0, 0x000002a1fe754540, 0x000002a1fe758050, 0x000002a1fe75a120,
0x000002a1fe7586e0, 0x000002a1fe756ca0, 0x000002a1fe758d70, 0x000002a1fe759400,
0x000002a1fe75bb60, 0x000002a1fe759a90, 0x000002a1fe75a7b0, 0x000002a1fe75ae40,
0x000002a1fe75b4d0, 0x000002a1fb2e8030, 0x000002a1fb2e4bb0, 0x000002a1fb2e6c80,
0x000002a1fb2e79a0, 0x000002a1fb2e58d0, 0x000002a1fb2e86c0, 0x000002a1fb2e5240,
0x000002a1fb2e8d50, 0x000002a1fb2e93e0, 0x000002a1fb2e5f60, 0x000002a1fb2e7310,
0x000002a1fb2e9a70, 0x000002a1fb2e65f0, 0x000002a1fb2ea100, 0x000002a1fb2eae20,
0x000002a1fb2ea790, 0x000002a1fb2eb4b0, 0x000002a1fb2ebb40, 0x000002a1fb2ec1d0,
0x000002a1fbefd300, 0x000002a1fbefcc70, 0x000002a1fbefd990, 0x000002a1fbefc5e0,
0x000002a1fbefe020, 0x000002a1fbefe6b0, 0x000002a1fbefb230, 0x000002a1fbefed40,
0x000002a1fbefbf50, 0x000002a1fbefb8c0, 0x000002a1fbf00e10, 0x000002a1fbf02850,
0x000002a1fbf000f0, 0x000002a1fbf014a0, 0x000002a1fd871a50, 0x000002a1fd8720e0,
0x000002a1fd870d30, 0x000002a1fd873b20, 0x000002a1fd8741b0, 0x000002a1fd872770,
0x000002a1fd872e00, 0x000002a1fd8713c0, 0x000002a1fd873490, 0x000002a1fc467300,
0x000002a1fc464510, 0x000002a1fc465230, 0x000002a1fc464ba0, 0x000002a1fc4658c0,
0x000002a1fc467990, 0x000002a1fc466c70, 0x000002a1fc465f50, 0x000002a1fc4665e0,
0x000002a1f9b8e150, 0x000002a1ff502570, 0x000002a1f9b922f0, 0x000002a1ff5ecf50,
0x000002a1ff5ef020, 0x000002a1ff5ebba0, 0x000002a1ff5f10f0, 0x000002a1ff5f0a60,
0x000002a1ff5f03d0, 0x000002a1ff5efd40, 0x000002a1ff5edc70, 0x000002a1ff5f3ee0,
0x000002a1ff5f31c0, 0x000002a1ff5f2b30, 0x000002a1ff509270
}

Java Threads: ( => current thread )
  0x000002a1d3ef2dd0 JavaThread "main"                              [_thread_blocked, id=4488, stack(0x000000bc14600000,0x000000bc14700000) (1024K)]
  0x000002a1f2f3d540 JavaThread "Reference Handler"          daemon [_thread_blocked, id=6320, stack(0x000000bc14e00000,0x000000bc14f00000) (1024K)]
  0x000002a1f2f40b20 JavaThread "Finalizer"                  daemon [_thread_blocked, id=21724, stack(0x000000bc14f00000,0x000000bc15000000) (1024K)]
  0x000002a1f2f465d0 JavaThread "Signal Dispatcher"          daemon [_thread_blocked, id=20344, stack(0x000000bc15000000,0x000000bc15100000) (1024K)]
  0x000002a1f2f49b20 JavaThread "Attach Listener"            daemon [_thread_blocked, id=28124, stack(0x000000bc15100000,0x000000bc15200000) (1024K)]
  0x000002a1f2f481b0 JavaThread "Service Thread"             daemon [_thread_blocked, id=21812, stack(0x000000bc15200000,0x000000bc15300000) (1024K)]
  0x000002a1f2f4c100 JavaThread "Monitor Deflation Thread"   daemon [_thread_blocked, id=14684, stack(0x000000bc15300000,0x000000bc15400000) (1024K)]
  0x000002a1f2f56f70 JavaThread "C2 CompilerThread0"         daemon [_thread_blocked, id=3588, stack(0x000000bc15400000,0x000000bc15500000) (1024K)]
  0x000002a1f2f81df0 JavaThread "C1 CompilerThread0"         daemon [_thread_blocked, id=23788, stack(0x000000bc15500000,0x000000bc15600000) (1024K)]
  0x000002a1f36204a0 JavaThread "Common-Cleaner"             daemon [_thread_blocked, id=27752, stack(0x000000bc15600000,0x000000bc15700000) (1024K)]
  0x000002a1f361fbb0 JavaThread "Notification Thread"        daemon [_thread_blocked, id=25148, stack(0x000000bc15700000,0x000000bc15800000) (1024K)]
  0x000002a1f9299030 JavaThread "Daemon health stats"               [_thread_blocked, id=14392, stack(0x000000bc15900000,0x000000bc15a00000) (1024K)]
  0x000002a1f877eac0 JavaThread "Incoming local TCP Connector on port 54664"        [_thread_in_native, id=10656, stack(0x000000bc16100000,0x000000bc16200000) (1024K)]
  0x000002a1f9358870 JavaThread "Daemon periodic checks"            [_thread_blocked, id=21468, stack(0x000000bc16200000,0x000000bc16300000) (1024K)]
  0x000002a1f9348720 JavaThread "Daemon"                            [_thread_blocked, id=18820, stack(0x000000bc16300000,0x000000bc16400000) (1024K)]
  0x000002a1f9348d90 JavaThread "Handler for socket connection from /127.0.0.1:54664 to /127.0.0.1:54665"        [_thread_in_native, id=24248, stack(0x000000bc16400000,0x000000bc16500000) (1024K)]
  0x000002a1f933c270 JavaThread "Cancel handler"                    [_thread_blocked, id=27444, stack(0x000000bc16500000,0x000000bc16600000) (1024K)]
  0x000002a1f95f0720 JavaThread "Daemon worker"                     [_thread_blocked, id=18396, stack(0x000000bc16600000,0x000000bc16700000) (1024K)]
  0x000002a1f95f2160 JavaThread "Asynchronous log dispatcher for DefaultDaemonConnection: socket connection from /127.0.0.1:54664 to /127.0.0.1:54665"        [_thread_blocked, id=7688, stack(0x000000bc16700000,0x000000bc16800000) (1024K)]
  0x000002a1f95ef370 JavaThread "Stdin handler"                     [_thread_blocked, id=16288, stack(0x000000bc16800000,0x000000bc16900000) (1024K)]
  0x000002a1f95f27f0 JavaThread "Daemon client event forwarder"        [_thread_blocked, id=11576, stack(0x000000bc16900000,0x000000bc16a00000) (1024K)]
  0x000002a1f95efa00 JavaThread "Cache worker for journal cache (S:\Dependency\.gradle\caches\journal-1)"        [_thread_blocked, id=7648, stack(0x000000bc16a00000,0x000000bc16b00000) (1024K)]
  0x000002a1f95f0090 JavaThread "File lock request listener"        [_thread_in_native, id=25136, stack(0x000000bc16b00000,0x000000bc16c00000) (1024K)]
  0x000002a1f95f0db0 JavaThread "Cache worker for file hash cache (S:\Dependency\.gradle\caches\9.1.0\fileHashes)"        [_thread_blocked, id=14268, stack(0x000000bc16c00000,0x000000bc16d00000) (1024K)]
  0x000002a1fad7b0d0 JavaThread "Cache worker for file hash cache (S:\Web Projects\Synapse\.gradle\9.1.0\fileHashes)"        [_thread_blocked, id=16468, stack(0x000000bc16f00000,0x000000bc17000000) (1024K)]
  0x000002a1fad7d830 JavaThread "Cache worker for checksums cache (S:\Web Projects\Synapse\.gradle\9.1.0\checksums)"        [_thread_blocked, id=18408, stack(0x000000bc17000000,0x000000bc17100000) (1024K)]
  0x000002a1fad7ebe0 JavaThread "Cache worker for Build Output Cleanup Cache (S:\Web Projects\Synapse\.gradle\buildOutputCleanup)"        [_thread_blocked, id=6304, stack(0x000000bc17100000,0x000000bc17200000) (1024K)]
  0x000002a1fad7c480 JavaThread "Cache worker for file content cache (S:\Dependency\.gradle\caches\9.1.0\fileContent)"        [_thread_blocked, id=25764, stack(0x000000bc17200000,0x000000bc17300000) (1024K)]
  0x000002a1fad7cb10 JavaThread "File watcher server"        daemon [_thread_blocked, id=20416, stack(0x000000bc17300000,0x000000bc17400000) (1024K)]
  0x000002a1fad7e550 JavaThread "File watcher consumer"      daemon [_thread_blocked, id=28512, stack(0x000000bc17400000,0x000000bc17500000) (1024K)]
  0x000002a1fad7b760 JavaThread "Cache worker for cache directory md-supplier (S:\Dependency\.gradle\caches\9.1.0\md-supplier)"        [_thread_blocked, id=17776, stack(0x000000bc16e00000,0x000000bc16f00000) (1024K)]
  0x000002a1fad7d1a0 JavaThread "Cache worker for cache directory md-rule (S:\Dependency\.gradle\caches\9.1.0\md-rule)"        [_thread_blocked, id=13688, stack(0x000000bc17500000,0x000000bc17600000) (1024K)]
  0x000002a1fad7bdf0 JavaThread "build event listener"              [_thread_blocked, id=19048, stack(0x000000bc17700000,0x000000bc17800000) (1024K)]
  0x000002a1fad80620 JavaThread "build event listener"              [_thread_blocked, id=19948, stack(0x000000bc17800000,0x000000bc17900000) (1024K)]
  0x000002a1fad80cb0 JavaThread "build event listener"              [_thread_blocked, id=6828, stack(0x000000bc17900000,0x000000bc17a00000) (1024K)]
  0x000002a1fad7ff90 JavaThread "Build operations"                  [_thread_blocked, id=14908, stack(0x000000bc17a00000,0x000000bc17b00000) (1024K)]
  0x000002a1fad81340 JavaThread "Build operations Thread 2"         [_thread_blocked, id=24492, stack(0x000000bc17b00000,0x000000bc17c00000) (1024K)]
  0x000002a1fad7f900 JavaThread "Build operations Thread 3"         [_thread_blocked, id=23064, stack(0x000000bc17c00000,0x000000bc17d00000) (1024K)]
  0x000002a1fad826f0 JavaThread "Memory manager"                    [_thread_blocked, id=22172, stack(0x000000bc17600000,0x000000bc17700000) (1024K)]
  0x000002a1f3a90bf0 JavaThread "included builds"                   [_thread_blocked, id=2936, stack(0x000000bc17e00000,0x000000bc17f00000) (1024K)]
  0x000002a1f3a90560 JavaThread "Execution worker"                  [_thread_blocked, id=17280, stack(0x000000bc17f00000,0x000000bc18000000) (1024K)]
  0x000002a1f3a8fed0 JavaThread "Execution worker Thread 2"         [_thread_blocked, id=3992, stack(0x000000bc18000000,0x000000bc18100000) (1024K)]
  0x000002a1f3a91280 JavaThread "Execution worker Thread 3"         [_thread_blocked, id=6620, stack(0x000000bc18100000,0x000000bc18200000) (1024K)]
  0x000002a1f3a91910 JavaThread "Execution worker Thread 4"         [_thread_blocked, id=21536, stack(0x000000bc18200000,0x000000bc18300000) (1024K)]
  0x000002a1f3a91fa0 JavaThread "Execution worker Thread 5"         [_thread_blocked, id=27968, stack(0x000000bc18300000,0x000000bc18400000) (1024K)]
  0x000002a1f3a8eb20 JavaThread "Execution worker Thread 6"         [_thread_blocked, id=20640, stack(0x000000bc18400000,0x000000bc18500000) (1024K)]
  0x000002a1f3a92630 JavaThread "Execution worker Thread 7"         [_thread_blocked, id=6784, stack(0x000000bc18500000,0x000000bc18600000) (1024K)]
  0x000002a1f3a8f1b0 JavaThread "Cache worker for execution history cache (S:\Web Projects\Synapse\.gradle\9.1.0\executionHistory)"        [_thread_blocked, id=3028, stack(0x000000bc18600000,0x000000bc18700000) (1024K)]
  0x000002a1f3a92cc0 JavaThread "Unconstrained build operations"        [_thread_blocked, id=10788, stack(0x000000bc18700000,0x000000bc18800000) (1024K)]
  0x000002a1f3a8f840 JavaThread "Unconstrained build operations Thread 2"        [_thread_blocked, id=3628, stack(0x000000bc18800000,0x000000bc18900000) (1024K)]
  0x000002a1f3a94070 JavaThread "Unconstrained build operations Thread 3"        [_thread_blocked, id=7004, stack(0x000000bc18900000,0x000000bc18a00000) (1024K)]
  0x000002a1f3a94700 JavaThread "Unconstrained build operations Thread 4"        [_thread_blocked, id=8320, stack(0x000000bc18a00000,0x000000bc18b00000) (1024K)]
  0x000002a1f3a939e0 JavaThread "Unconstrained build operations Thread 5"        [_thread_blocked, id=23128, stack(0x000000bc18b00000,0x000000bc18c00000) (1024K)]
  0x000002a1f3a93350 JavaThread "Unconstrained build operations Thread 6"        [_thread_blocked, id=10676, stack(0x000000bc18c00000,0x000000bc18d00000) (1024K)]
  0x000002a1f3a95ab0 JavaThread "Unconstrained build operations Thread 7"        [_thread_blocked, id=23708, stack(0x000000bc18d00000,0x000000bc18e00000) (1024K)]
  0x000002a1f3a94d90 JavaThread "Unconstrained build operations Thread 8"        [_thread_blocked, id=26596, stack(0x000000bc18e00000,0x000000bc18f00000) (1024K)]
  0x000002a1f3a95420 JavaThread "Unconstrained build operations Thread 9"        [_thread_blocked, id=9560, stack(0x000000bc18f00000,0x000000bc19000000) (1024K)]
  0x000002a1f3a96140 JavaThread "Unconstrained build operations Thread 10"        [_thread_blocked, id=4084, stack(0x000000bc19000000,0x000000bc19100000) (1024K)]
  0x000002a1fe754bd0 JavaThread "Unconstrained build operations Thread 11"        [_thread_blocked, id=20812, stack(0x000000bc19100000,0x000000bc19200000) (1024K)]
  0x000002a1fe755f80 JavaThread "Unconstrained build operations Thread 13"        [_thread_blocked, id=26516, stack(0x000000bc19200000,0x000000bc19300000) (1024K)]
  0x000002a1fe755260 JavaThread "Unconstrained build operations Thread 12"        [_thread_blocked, id=21360, stack(0x000000bc19300000,0x000000bc19400000) (1024K)]
  0x000002a1fe757330 JavaThread "Unconstrained build operations Thread 15"        [_thread_blocked, id=27064, stack(0x000000bc19400000,0x000000bc19500000) (1024K)]
  0x000002a1fe7558f0 JavaThread "Unconstrained build operations Thread 16"        [_thread_blocked, id=10512, stack(0x000000bc19500000,0x000000bc19600000) (1024K)]
  0x000002a1fe756610 JavaThread "Unconstrained build operations Thread 14"        [_thread_blocked, id=1752, stack(0x000000bc19600000,0x000000bc19700000) (1024K)]
  0x000002a1fe7579c0 JavaThread "Unconstrained build operations Thread 17"        [_thread_blocked, id=28148, stack(0x000000bc19700000,0x000000bc19800000) (1024K)]
  0x000002a1fe754540 JavaThread "Unconstrained build operations Thread 18"        [_thread_blocked, id=22700, stack(0x000000bc19800000,0x000000bc19900000) (1024K)]
  0x000002a1fe758050 JavaThread "Unconstrained build operations Thread 19"        [_thread_blocked, id=16968, stack(0x000000bc19900000,0x000000bc19a00000) (1024K)]
  0x000002a1fe75a120 JavaThread "Unconstrained build operations Thread 20"        [_thread_blocked, id=2544, stack(0x000000bc19a00000,0x000000bc19b00000) (1024K)]
  0x000002a1fe7586e0 JavaThread "Unconstrained build operations Thread 21"        [_thread_blocked, id=23044, stack(0x000000bc19b00000,0x000000bc19c00000) (1024K)]
  0x000002a1fe756ca0 JavaThread "Unconstrained build operations Thread 22"        [_thread_blocked, id=27052, stack(0x000000bc19c00000,0x000000bc19d00000) (1024K)]
  0x000002a1fe758d70 JavaThread "Unconstrained build operations Thread 23"        [_thread_blocked, id=27976, stack(0x000000bc19d00000,0x000000bc19e00000) (1024K)]
  0x000002a1fe759400 JavaThread "Unconstrained build operations Thread 24"        [_thread_blocked, id=28000, stack(0x000000bc19e00000,0x000000bc19f00000) (1024K)]
  0x000002a1fe75bb60 JavaThread "Unconstrained build operations Thread 25"        [_thread_blocked, id=20504, stack(0x000000bc19f00000,0x000000bc1a000000) (1024K)]
  0x000002a1fe759a90 JavaThread "Unconstrained build operations Thread 26"        [_thread_blocked, id=14316, stack(0x000000bc1a000000,0x000000bc1a100000) (1024K)]
  0x000002a1fe75a7b0 JavaThread "Unconstrained build operations Thread 27"        [_thread_blocked, id=7052, stack(0x000000bc1a100000,0x000000bc1a200000) (1024K)]
  0x000002a1fe75ae40 JavaThread "Unconstrained build operations Thread 28"        [_thread_blocked, id=26832, stack(0x000000bc1a200000,0x000000bc1a300000) (1024K)]
  0x000002a1fe75b4d0 JavaThread "Unconstrained build operations Thread 29"        [_thread_blocked, id=17132, stack(0x000000bc1a300000,0x000000bc1a400000) (1024K)]
  0x000002a1fb2e8030 JavaThread "Unconstrained build operations Thread 30"        [_thread_blocked, id=23268, stack(0x000000bc1a400000,0x000000bc1a500000) (1024K)]
  0x000002a1fb2e4bb0 JavaThread "Unconstrained build operations Thread 31"        [_thread_blocked, id=14644, stack(0x000000bc1a500000,0x000000bc1a600000) (1024K)]
  0x000002a1fb2e6c80 JavaThread "Unconstrained build operations Thread 32"        [_thread_blocked, id=13244, stack(0x000000bc1a600000,0x000000bc1a700000) (1024K)]
  0x000002a1fb2e79a0 JavaThread "Unconstrained build operations Thread 33"        [_thread_blocked, id=16728, stack(0x000000bc1a700000,0x000000bc1a800000) (1024K)]
  0x000002a1fb2e58d0 JavaThread "Unconstrained build operations Thread 34"        [_thread_blocked, id=27920, stack(0x000000bc1a800000,0x000000bc1a900000) (1024K)]
  0x000002a1fb2e86c0 JavaThread "Unconstrained build operations Thread 35"        [_thread_blocked, id=6280, stack(0x000000bc1a900000,0x000000bc1aa00000) (1024K)]
  0x000002a1fb2e5240 JavaThread "Unconstrained build operations Thread 36"        [_thread_blocked, id=23072, stack(0x000000bc1aa00000,0x000000bc1ab00000) (1024K)]
  0x000002a1fb2e8d50 JavaThread "Unconstrained build operations Thread 37"        [_thread_blocked, id=7280, stack(0x000000bc1ab00000,0x000000bc1ac00000) (1024K)]
  0x000002a1fb2e93e0 JavaThread "Unconstrained build operations Thread 38"        [_thread_blocked, id=10984, stack(0x000000bc1ac00000,0x000000bc1ad00000) (1024K)]
  0x000002a1fb2e5f60 JavaThread "Unconstrained build operations Thread 39"        [_thread_blocked, id=12564, stack(0x000000bc1ad00000,0x000000bc1ae00000) (1024K)]
  0x000002a1fb2e7310 JavaThread "Unconstrained build operations Thread 40"        [_thread_blocked, id=5312, stack(0x000000bc1ae00000,0x000000bc1af00000) (1024K)]
  0x000002a1fb2e9a70 JavaThread "Unconstrained build operations Thread 41"        [_thread_blocked, id=16408, stack(0x000000bc1af00000,0x000000bc1b000000) (1024K)]
  0x000002a1fb2e65f0 JavaThread "Unconstrained build operations Thread 42"        [_thread_blocked, id=24024, stack(0x000000bc1b000000,0x000000bc1b100000) (1024K)]
  0x000002a1fb2ea100 JavaThread "Unconstrained build operations Thread 43"        [_thread_blocked, id=1700, stack(0x000000bc1b100000,0x000000bc1b200000) (1024K)]
  0x000002a1fb2eae20 JavaThread "Unconstrained build operations Thread 44"        [_thread_blocked, id=2232, stack(0x000000bc1b200000,0x000000bc1b300000) (1024K)]
  0x000002a1fb2ea790 JavaThread "Unconstrained build operations Thread 45"        [_thread_blocked, id=18764, stack(0x000000bc1b300000,0x000000bc1b400000) (1024K)]
  0x000002a1fb2eb4b0 JavaThread "Unconstrained build operations Thread 46"        [_thread_blocked, id=28332, stack(0x000000bc1b400000,0x000000bc1b500000) (1024K)]
  0x000002a1fb2ebb40 JavaThread "Unconstrained build operations Thread 47"        [_thread_blocked, id=23068, stack(0x000000bc1b500000,0x000000bc1b600000) (1024K)]
  0x000002a1fb2ec1d0 JavaThread "Unconstrained build operations Thread 48"        [_thread_blocked, id=3448, stack(0x000000bc1b600000,0x000000bc1b700000) (1024K)]
  0x000002a1fbefd300 JavaThread "Unconstrained build operations Thread 49"        [_thread_blocked, id=11076, stack(0x000000bc1b700000,0x000000bc1b800000) (1024K)]
  0x000002a1fbefcc70 JavaThread "Unconstrained build operations Thread 50"        [_thread_blocked, id=6260, stack(0x000000bc1b800000,0x000000bc1b900000) (1024K)]
  0x000002a1fbefd990 JavaThread "Unconstrained build operations Thread 51"        [_thread_blocked, id=26720, stack(0x000000bc1b900000,0x000000bc1ba00000) (1024K)]
  0x000002a1fbefc5e0 JavaThread "Unconstrained build operations Thread 52"        [_thread_blocked, id=2808, stack(0x000000bc1ba00000,0x000000bc1bb00000) (1024K)]
  0x000002a1fbefe020 JavaThread "Unconstrained build operations Thread 53"        [_thread_blocked, id=4312, stack(0x000000bc1bb00000,0x000000bc1bc00000) (1024K)]
  0x000002a1fbefe6b0 JavaThread "Unconstrained build operations Thread 54"        [_thread_blocked, id=28400, stack(0x000000bc1bc00000,0x000000bc1bd00000) (1024K)]
  0x000002a1fbefb230 JavaThread "Unconstrained build operations Thread 55"        [_thread_blocked, id=2280, stack(0x000000bc1bd00000,0x000000bc1be00000) (1024K)]
  0x000002a1fbefed40 JavaThread "Unconstrained build operations Thread 56"        [_thread_blocked, id=24320, stack(0x000000bc1be00000,0x000000bc1bf00000) (1024K)]
  0x000002a1fbefbf50 JavaThread "Unconstrained build operations Thread 57"        [_thread_blocked, id=25992, stack(0x000000bc1bf00000,0x000000bc1c000000) (1024K)]
  0x000002a1fbefb8c0 JavaThread "Unconstrained build operations Thread 58"        [_thread_blocked, id=18592, stack(0x000000bc1c000000,0x000000bc1c100000) (1024K)]
  0x000002a1fbf00e10 JavaThread "Unconstrained build operations Thread 59"        [_thread_blocked, id=16624, stack(0x000000bc17d00000,0x000000bc17e00000) (1024K)]
  0x000002a1fbf02850 JavaThread "Unconstrained build operations Thread 60"        [_thread_blocked, id=25532, stack(0x000000bc1c100000,0x000000bc1c200000) (1024K)]
  0x000002a1fbf000f0 JavaThread "Unconstrained build operations Thread 61"        [_thread_blocked, id=23576, stack(0x000000bc1c200000,0x000000bc1c300000) (1024K)]
  0x000002a1fbf014a0 JavaThread "Unconstrained build operations Thread 62"        [_thread_blocked, id=23556, stack(0x000000bc1c300000,0x000000bc1c400000) (1024K)]
  0x000002a1fd871a50 JavaThread "Unconstrained build operations Thread 63"        [_thread_blocked, id=25996, stack(0x000000bc1c400000,0x000000bc1c500000) (1024K)]
  0x000002a1fd8720e0 JavaThread "Unconstrained build operations Thread 64"        [_thread_blocked, id=13968, stack(0x000000bc1c500000,0x000000bc1c600000) (1024K)]
  0x000002a1fd870d30 JavaThread "Unconstrained build operations Thread 65"        [_thread_blocked, id=27528, stack(0x000000bc1c600000,0x000000bc1c700000) (1024K)]
  0x000002a1fd873b20 JavaThread "Unconstrained build operations Thread 66"        [_thread_blocked, id=17648, stack(0x000000bc1c800000,0x000000bc1c900000) (1024K)]
  0x000002a1fd8741b0 JavaThread "Unconstrained build operations Thread 67"        [_thread_blocked, id=22364, stack(0x000000bc1c900000,0x000000bc1ca00000) (1024K)]
  0x000002a1fd872770 JavaThread "Unconstrained build operations Thread 68"        [_thread_blocked, id=23148, stack(0x000000bc1ca00000,0x000000bc1cb00000) (1024K)]
  0x000002a1fd872e00 JavaThread "Unconstrained build operations Thread 69"        [_thread_blocked, id=28608, stack(0x000000bc1cb00000,0x000000bc1cc00000) (1024K)]
  0x000002a1fd8713c0 JavaThread "Unconstrained build operations Thread 70"        [_thread_blocked, id=18772, stack(0x000000bc1cc00000,0x000000bc1cd00000) (1024K)]
  0x000002a1fd873490 JavaThread "Unconstrained build operations Thread 71"        [_thread_blocked, id=26592, stack(0x000000bc1cd00000,0x000000bc1ce00000) (1024K)]
  0x000002a1fc467300 JavaThread "Unconstrained build operations Thread 72"        [_thread_blocked, id=3980, stack(0x000000bc1ce00000,0x000000bc1cf00000) (1024K)]
  0x000002a1fc464510 JavaThread "Unconstrained build operations Thread 73"        [_thread_blocked, id=2924, stack(0x000000bc1cf00000,0x000000bc1d000000) (1024K)]
  0x000002a1fc465230 JavaThread "Unconstrained build operations Thread 74"        [_thread_blocked, id=16956, stack(0x000000bc1d000000,0x000000bc1d100000) (1024K)]
  0x000002a1fc464ba0 JavaThread "Unconstrained build operations Thread 75"        [_thread_blocked, id=28252, stack(0x000000bc1d100000,0x000000bc1d200000) (1024K)]
  0x000002a1fc4658c0 JavaThread "Unconstrained build operations Thread 76"        [_thread_blocked, id=23184, stack(0x000000bc1d200000,0x000000bc1d300000) (1024K)]
  0x000002a1fc467990 JavaThread "Unconstrained build operations Thread 77"        [_thread_blocked, id=3700, stack(0x000000bc1d300000,0x000000bc1d400000) (1024K)]
  0x000002a1fc466c70 JavaThread "Unconstrained build operations Thread 78"        [_thread_blocked, id=25876, stack(0x000000bc1d400000,0x000000bc1d500000) (1024K)]
  0x000002a1fc465f50 JavaThread "Unconstrained build operations Thread 79"        [_thread_blocked, id=20596, stack(0x000000bc1d500000,0x000000bc1d600000) (1024K)]
  0x000002a1fc4665e0 JavaThread "Unconstrained build operations Thread 80"        [_thread_blocked, id=24236, stack(0x000000bc1d600000,0x000000bc1d700000) (1024K)]
  0x000002a1f9b8e150 JavaThread "WorkerExecutor Queue"              [_thread_blocked, id=15484, stack(0x000000bc1c700000,0x000000bc1c800000) (1024K)]
  0x000002a1ff502570 JavaThread "C2 CompilerThread1"         daemon [_thread_blocked, id=10428, stack(0x000000bc15800000,0x000000bc15900000) (1024K)]
  0x000002a1f9b922f0 JavaThread "WorkerExecutor Queue Thread 2"        [_thread_blocked, id=22260, stack(0x000000bc1d700000,0x000000bc1d800000) (1024K)]
  0x000002a1ff5ecf50 JavaThread "DefaultDispatcher-worker-1" daemon [_thread_blocked, id=27892, stack(0x000000bc1d800000,0x000000bc1d900000) (1024K)]
  0x000002a1ff5ef020 JavaThread "DefaultDispatcher-worker-2" daemon [_thread_blocked, id=28156, stack(0x000000bc1d900000,0x000000bc1da00000) (1024K)]
  0x000002a1ff5ebba0 JavaThread "DefaultDispatcher-worker-3" daemon [_thread_blocked, id=11240, stack(0x000000bc1da00000,0x000000bc1db00000) (1024K)]
  0x000002a1ff5f10f0 JavaThread "ForkJoinPool-1-worker-1"    daemon [_thread_blocked, id=27348, stack(0x000000bc1db00000,0x000000bc1dc00000) (1024K)]
  0x000002a1ff5f0a60 JavaThread "ForkJoinPool-1-worker-2"    daemon [_thread_blocked, id=14496, stack(0x000000bc1dc00000,0x000000bc1dd00000) (1024K)]
  0x000002a1ff5f03d0 JavaThread "ForkJoinPool-1-worker-3"    daemon [_thread_blocked, id=21036, stack(0x000000bc1dd00000,0x000000bc1de00000) (1024K)]
  0x000002a1ff5efd40 JavaThread "ForkJoinPool-1-worker-4"    daemon [_thread_blocked, id=16000, stack(0x000000bc1de00000,0x000000bc1df00000) (1024K)]
  0x000002a1ff5edc70 JavaThread "ForkJoinPool-1-worker-5"    daemon [_thread_blocked, id=26020, stack(0x000000bc1df00000,0x000000bc1e000000) (1024K)]
  0x000002a1ff5f3ee0 JavaThread "ForkJoinPool-1-worker-6"    daemon [_thread_blocked, id=16664, stack(0x000000bc1e000000,0x000000bc1e100000) (1024K)]
  0x000002a1ff5f31c0 JavaThread "ForkJoinPool-1-worker-7"    daemon [_thread_blocked, id=27492, stack(0x000000bc1e100000,0x000000bc1e200000) (1024K)]
  0x000002a1ff5f2b30 JavaThread "ForkJoinPool-1-worker-8"    daemon [_thread_blocked, id=25844, stack(0x000000bc1e200000,0x000000bc1e300000) (1024K)]
  0x000002a1ff509270 JavaThread "C2 CompilerThread2"         daemon [_thread_blocked, id=27672, stack(0x000000bc1e300000,0x000000bc1e400000) (1024K)]
Total: 143

Other Threads:
=>0x000002a1f2f20740 VMThread "VM Thread"                           [id=1592, stack(0x000000bc14d00000,0x000000bc14e00000) (1024K)]
  0x000002a1d3eea9d0 WatcherThread "VM Periodic Task Thread"        [id=23016, stack(0x000000bc14c00000,0x000000bc14d00000) (1024K)]
  0x000002a1d3f5ba20 WorkerThread "GC Thread#0"                     [id=28164, stack(0x000000bc14700000,0x000000bc14800000) (1024K)]
  0x000002a1f373d4a0 WorkerThread "GC Thread#1"                     [id=4216, stack(0x000000bc15a00000,0x000000bc15b00000) (1024K)]
  0x000002a1f37ca1f0 WorkerThread "GC Thread#2"                     [id=18436, stack(0x000000bc15b00000,0x000000bc15c00000) (1024K)]
  0x000002a1f37ca5a0 WorkerThread "GC Thread#3"                     [id=10780, stack(0x000000bc15c00000,0x000000bc15d00000) (1024K)]
  0x000002a1f3981b30 WorkerThread "GC Thread#4"                     [id=16460, stack(0x000000bc15d00000,0x000000bc15e00000) (1024K)]
  0x000002a1f37ca950 WorkerThread "GC Thread#5"                     [id=19168, stack(0x000000bc15e00000,0x000000bc15f00000) (1024K)]
  0x000002a1f37cb110 WorkerThread "GC Thread#6"                     [id=12620, stack(0x000000bc15f00000,0x000000bc16000000) (1024K)]
  0x000002a1f37ad500 WorkerThread "GC Thread#7"                     [id=25356, stack(0x000000bc16000000,0x000000bc16100000) (1024K)]
  0x000002a1d3f6e7b0 ConcurrentGCThread "G1 Main Marker"            [id=17112, stack(0x000000bc14800000,0x000000bc14900000) (1024K)]
  0x000002a1d3f70980 WorkerThread "G1 Conc#0"                       [id=19308, stack(0x000000bc14900000,0x000000bc14a00000) (1024K)]
  0x000002a1fa080e30 WorkerThread "G1 Conc#1"                       [id=22876, stack(0x000000bc16d00000,0x000000bc16e00000) (1024K)]
  0x000002a1f2e5f970 ConcurrentGCThread "G1 Refine#0"               [id=21256, stack(0x000000bc14a00000,0x000000bc14b00000) (1024K)]
  0x000002a1f2e612b0 ConcurrentGCThread "G1 Service"                [id=1444, stack(0x000000bc14b00000,0x000000bc14c00000) (1024K)]
Total: 15

Threads with active compile tasks:
C2 CompilerThread0  29236 13899       4       com.android.tools.r8.internal.ju::a (4509 bytes)
C1 CompilerThread0  29236 14021       2       com.intellij.util.text.CharArrayUtilKmp::shiftForward (93 bytes)
C2 CompilerThread1  29236 13872       4       java.util.concurrent.ForkJoinPool::scan (263 bytes)
C2 CompilerThread2  29236 13942 %     4       java.util.zip.ZipFile$Source::initCEN @ 261 (612 bytes)
Total: 4

VM state: at safepoint (normal execution)

VM Mutex/Monitor currently owned by a thread:  ([mutex/lock_event])
[0x00007ffdf88a65c0] Threads_lock - owner thread: 0x000002a1f2f20740
[0x00007ffdf88a66c0] Heap_lock - owner thread: 0x000002a1ff5edc70

Heap address: 0x0000000700000000, size: 4096 MB, Compressed Oops mode: Zero based, Oop shift amount: 3

CDS archive(s) mapped at: [0x000002a180000000-0x000002a180c80000-0x000002a180c80000), size 13107200, SharedBaseAddress: 0x000002a180000000, ArchiveRelocationMode: 1.
Compressed class space mapped at: 0x000002a181000000-0x000002a1c1000000, reserved size: 1073741824
Narrow klass base: 0x000002a180000000, Narrow klass shift: 0, Narrow klass range: 0x100000000

GC Precious Log:
 CardTable entry size: 512
 Card Set container configuration: InlinePtr #cards 4 size 8 Array Of Cards #cards 16 size 48 Howl #buckets 8 coarsen threshold 3686 Howl Bitmap #cards 512 size 80 coarsen threshold 460 Card regions per heap region 1 cards per card region 4096
 CPUs: 8 total, 8 available
 Memory: 24363M
 Large Page Support: Disabled
 NUMA Support: Disabled
 Compressed Oops: Enabled (Zero based)
 Heap Region Size: 2M
 Heap Min Capacity: 8M
 Heap Initial Capacity: 382M
 Heap Max Capacity: 4G
 Pre-touch: Disabled
 Parallel Workers: 8
 Concurrent Workers: 2
 Concurrent Refinement Workers: 8
 Periodic GC: Disabled

Heap:
 garbage-first heap   total 571392K, used 401074K [0x0000000700000000, 0x0000000800000000)
  region size 2048K, 9 young (18432K), 9 survivors (18432K)
 Metaspace       used 115077K, committed 117504K, reserved 1179648K
  class space    used 15560K, committed 16832K, reserved 1048576K

Heap Regions: E=young(eden), S=young(survivor), O=old, HS=humongous(starts), HC=humongous(continues), CS=collection set, F=free, TAMS=top-at-mark-start, PB=parsable bottom
|   0|0x0000000700000000, 0x0000000700200000, 0x0000000700200000|100%|HS|  |TAMS 0x0000000700000000| PB 0x0000000700000000| Complete 
|   1|0x0000000700200000, 0x0000000700400000, 0x0000000700400000|100%|HC|  |TAMS 0x0000000700200000| PB 0x0000000700200000| Complete 
|   2|0x0000000700400000, 0x0000000700600000, 0x0000000700600000|100%| O|  |TAMS 0x0000000700400000| PB 0x0000000700400000| Untracked 
|   3|0x0000000700600000, 0x0000000700800000, 0x0000000700800000|100%| O|  |TAMS 0x0000000700600000| PB 0x0000000700600000| Untracked 
|   4|0x0000000700800000, 0x0000000700a00000, 0x0000000700a00000|100%| O|  |TAMS 0x0000000700800000| PB 0x0000000700800000| Untracked 
|   5|0x0000000700a00000, 0x0000000700c00000, 0x0000000700c00000|100%|HS|  |TAMS 0x0000000700a00000| PB 0x0000000700a00000| Complete 
|   6|0x0000000700c00000, 0x0000000700e00000, 0x0000000700e00000|100%| O|  |TAMS 0x0000000700c00000| PB 0x0000000700c00000| Untracked 
|   7|0x0000000700e00000, 0x0000000701000000, 0x0000000701000000|100%| O|  |TAMS 0x0000000700e00000| PB 0x0000000700e00000| Untracked 
|   8|0x0000000701000000, 0x0000000701200000, 0x0000000701200000|100%| O|  |TAMS 0x0000000701000000| PB 0x0000000701000000| Untracked 
|   9|0x0000000701200000, 0x0000000701400000, 0x0000000701400000|100%| O|  |TAMS 0x0000000701200000| PB 0x0000000701200000| Untracked 
|  10|0x0000000701400000, 0x0000000701600000, 0x0000000701600000|100%| O|  |TAMS 0x0000000701400000| PB 0x0000000701400000| Untracked 
|  11|0x0000000701600000, 0x0000000701800000, 0x0000000701800000|100%| O|  |TAMS 0x0000000701600000| PB 0x0000000701600000| Untracked 
|  12|0x0000000701800000, 0x0000000701a00000, 0x0000000701a00000|100%| O|  |TAMS 0x0000000701800000| PB 0x0000000701800000| Untracked 
|  13|0x0000000701a00000, 0x0000000701c00000, 0x0000000701c00000|100%|HS|  |TAMS 0x0000000701a00000| PB 0x0000000701a00000| Complete 
|  14|0x0000000701c00000, 0x0000000701e00000, 0x0000000701e00000|100%| O|  |TAMS 0x0000000701c00000| PB 0x0000000701c00000| Untracked 
|  15|0x0000000701e00000, 0x0000000702000000, 0x0000000702000000|100%| O|  |TAMS 0x0000000701e00000| PB 0x0000000701e00000| Untracked 
|  16|0x0000000702000000, 0x0000000702200000, 0x0000000702200000|100%| O|  |TAMS 0x0000000702000000| PB 0x0000000702000000| Untracked 
|  17|0x0000000702200000, 0x0000000702400000, 0x0000000702400000|100%| O|  |TAMS 0x0000000702200000| PB 0x0000000702200000| Untracked 
|  18|0x0000000702400000, 0x0000000702600000, 0x0000000702600000|100%| O|  |TAMS 0x0000000702400000| PB 0x0000000702400000| Untracked 
|  19|0x0000000702600000, 0x0000000702800000, 0x0000000702800000|100%| O|  |TAMS 0x0000000702600000| PB 0x0000000702600000| Untracked 
|  20|0x0000000702800000, 0x0000000702a00000, 0x0000000702a00000|100%| O|  |TAMS 0x0000000702800000| PB 0x0000000702800000| Untracked 
|  21|0x0000000702a00000, 0x0000000702c00000, 0x0000000702c00000|100%| O|  |TAMS 0x0000000702a00000| PB 0x0000000702a00000| Untracked 
|  22|0x0000000702c00000, 0x0000000702e00000, 0x0000000702e00000|100%| O|  |TAMS 0x0000000702c00000| PB 0x0000000702c00000| Untracked 
|  23|0x0000000702e00000, 0x0000000703000000, 0x0000000703000000|100%| O|  |TAMS 0x0000000702e00000| PB 0x0000000702e00000| Untracked 
|  24|0x0000000703000000, 0x0000000703200000, 0x0000000703200000|100%| O|  |TAMS 0x0000000703000000| PB 0x0000000703000000| Untracked 
|  25|0x0000000703200000, 0x0000000703400000, 0x0000000703400000|100%| O|  |TAMS 0x0000000703200000| PB 0x0000000703200000| Untracked 
|  26|0x0000000703400000, 0x0000000703600000, 0x0000000703600000|100%| O|  |TAMS 0x0000000703400000| PB 0x0000000703400000| Untracked 
|  27|0x0000000703600000, 0x0000000703800000, 0x0000000703800000|100%| O|  |TAMS 0x0000000703600000| PB 0x0000000703600000| Untracked 
|  28|0x0000000703800000, 0x0000000703a00000, 0x0000000703a00000|100%| O|  |TAMS 0x0000000703800000| PB 0x0000000703800000| Untracked 
|  29|0x0000000703a00000, 0x0000000703c00000, 0x0000000703c00000|100%| O|  |TAMS 0x0000000703a00000| PB 0x0000000703a00000| Untracked 
|  30|0x0000000703c00000, 0x0000000703e00000, 0x0000000703e00000|100%| O|  |TAMS 0x0000000703c00000| PB 0x0000000703c00000| Untracked 
|  31|0x0000000703e00000, 0x0000000704000000, 0x0000000704000000|100%| O|  |TAMS 0x0000000703e00000| PB 0x0000000703e00000| Untracked 
|  32|0x0000000704000000, 0x0000000704200000, 0x0000000704200000|100%| O|  |TAMS 0x0000000704000000| PB 0x0000000704000000| Untracked 
|  33|0x0000000704200000, 0x0000000704400000, 0x0000000704400000|100%| O|  |TAMS 0x0000000704200000| PB 0x0000000704200000| Untracked 
|  34|0x0000000704400000, 0x0000000704600000, 0x0000000704600000|100%| O|  |TAMS 0x0000000704400000| PB 0x0000000704400000| Untracked 
|  35|0x0000000704600000, 0x0000000704800000, 0x0000000704800000|100%| O|  |TAMS 0x0000000704600000| PB 0x0000000704600000| Untracked 
|  36|0x0000000704800000, 0x0000000704a00000, 0x0000000704a00000|100%| O|  |TAMS 0x0000000704800000| PB 0x0000000704800000| Untracked 
|  37|0x0000000704a00000, 0x0000000704c00000, 0x0000000704c00000|100%| O|  |TAMS 0x0000000704a00000| PB 0x0000000704a00000| Untracked 
|  38|0x0000000704c00000, 0x0000000704e00000, 0x0000000704e00000|100%| O|  |TAMS 0x0000000704c00000| PB 0x0000000704c00000| Untracked 
|  39|0x0000000704e00000, 0x0000000705000000, 0x0000000705000000|100%| O|  |TAMS 0x0000000704e00000| PB 0x0000000704e00000| Untracked 
|  40|0x0000000705000000, 0x0000000705200000, 0x0000000705200000|100%|HS|  |TAMS 0x0000000705000000| PB 0x0000000705000000| Complete 
|  41|0x0000000705200000, 0x0000000705400000, 0x0000000705400000|100%| O|  |TAMS 0x0000000705200000| PB 0x0000000705200000| Untracked 
|  42|0x0000000705400000, 0x0000000705600000, 0x0000000705600000|100%| O|  |TAMS 0x0000000705400000| PB 0x0000000705400000| Untracked 
|  43|0x0000000705600000, 0x0000000705800000, 0x0000000705800000|100%| O|  |TAMS 0x0000000705600000| PB 0x0000000705600000| Untracked 
|  44|0x0000000705800000, 0x0000000705a00000, 0x0000000705a00000|100%| O|  |TAMS 0x0000000705800000| PB 0x0000000705800000| Untracked 
|  45|0x0000000705a00000, 0x0000000705c00000, 0x0000000705c00000|100%| O|  |TAMS 0x0000000705a00000| PB 0x0000000705a00000| Untracked 
|  46|0x0000000705c00000, 0x0000000705e00000, 0x0000000705e00000|100%| O|  |TAMS 0x0000000705c00000| PB 0x0000000705c00000| Untracked 
|  47|0x0000000705e00000, 0x0000000706000000, 0x0000000706000000|100%| O|  |TAMS 0x0000000705e00000| PB 0x0000000705e00000| Untracked 
|  48|0x0000000706000000, 0x0000000706200000, 0x0000000706200000|100%| O|  |TAMS 0x0000000706000000| PB 0x0000000706000000| Untracked 
|  49|0x0000000706200000, 0x0000000706400000, 0x0000000706400000|100%| O|  |TAMS 0x0000000706200000| PB 0x0000000706200000| Untracked 
|  50|0x0000000706400000, 0x0000000706600000, 0x0000000706600000|100%| O|  |TAMS 0x0000000706400000| PB 0x0000000706400000| Untracked 
|  51|0x0000000706600000, 0x0000000706800000, 0x0000000706800000|100%| O|  |TAMS 0x0000000706600000| PB 0x0000000706600000| Untracked 
|  52|0x0000000706800000, 0x0000000706a00000, 0x0000000706a00000|100%| O|  |TAMS 0x0000000706800000| PB 0x0000000706800000| Untracked 
|  53|0x0000000706a00000, 0x0000000706c00000, 0x0000000706c00000|100%| O|  |TAMS 0x0000000706a00000| PB 0x0000000706a00000| Untracked 
|  54|0x0000000706c00000, 0x0000000706e00000, 0x0000000706e00000|100%| O|  |TAMS 0x0000000706c00000| PB 0x0000000706c00000| Untracked 
|  55|0x0000000706e00000, 0x0000000707000000, 0x0000000707000000|100%| O|  |TAMS 0x0000000706e00000| PB 0x0000000706e00000| Untracked 
|  56|0x0000000707000000, 0x0000000707200000, 0x0000000707200000|100%| O|  |TAMS 0x0000000707000000| PB 0x0000000707000000| Untracked 
|  57|0x0000000707200000, 0x0000000707400000, 0x0000000707400000|100%| O|  |TAMS 0x0000000707200000| PB 0x0000000707200000| Untracked 
|  58|0x0000000707400000, 0x0000000707600000, 0x0000000707600000|100%|HS|  |TAMS 0x0000000707400000| PB 0x0000000707400000| Complete 
|  59|0x0000000707600000, 0x0000000707800000, 0x0000000707800000|100%|HC|  |TAMS 0x0000000707600000| PB 0x0000000707600000| Complete 
|  60|0x0000000707800000, 0x0000000707a00000, 0x0000000707a00000|100%|HS|  |TAMS 0x0000000707800000| PB 0x0000000707800000| Complete 
|  61|0x0000000707a00000, 0x0000000707c00000, 0x0000000707c00000|100%|HC|  |TAMS 0x0000000707a00000| PB 0x0000000707a00000| Complete 
|  62|0x0000000707c00000, 0x0000000707e00000, 0x0000000707e00000|100%| O|  |TAMS 0x0000000707c00000| PB 0x0000000707c00000| Untracked 
|  63|0x0000000707e00000, 0x0000000708000000, 0x0000000708000000|100%| O|  |TAMS 0x0000000707e00000| PB 0x0000000707e00000| Untracked 
|  64|0x0000000708000000, 0x0000000708200000, 0x0000000708200000|100%| O|  |TAMS 0x0000000708000000| PB 0x0000000708000000| Untracked 
|  65|0x0000000708200000, 0x0000000708400000, 0x0000000708400000|100%| O|  |TAMS 0x0000000708200000| PB 0x0000000708200000| Untracked 
|  66|0x0000000708400000, 0x0000000708600000, 0x0000000708600000|100%| O|  |TAMS 0x0000000708400000| PB 0x0000000708400000| Untracked 
|  67|0x0000000708600000, 0x0000000708800000, 0x0000000708800000|100%| O|  |TAMS 0x0000000708600000| PB 0x0000000708600000| Untracked 
|  68|0x0000000708800000, 0x0000000708a00000, 0x0000000708a00000|100%| O|  |TAMS 0x0000000708800000| PB 0x0000000708800000| Untracked 
|  69|0x0000000708a00000, 0x0000000708c00000, 0x0000000708c00000|100%| O|  |TAMS 0x0000000708a00000| PB 0x0000000708a00000| Untracked 
|  70|0x0000000708c00000, 0x0000000708e00000, 0x0000000708e00000|100%| O|  |TAMS 0x0000000708c00000| PB 0x0000000708c00000| Untracked 
|  71|0x0000000708e00000, 0x0000000709000000, 0x0000000709000000|100%| O|  |TAMS 0x0000000708e00000| PB 0x0000000708e00000| Untracked 
|  72|0x0000000709000000, 0x0000000709200000, 0x0000000709200000|100%| O|  |TAMS 0x0000000709000000| PB 0x0000000709000000| Untracked 
|  73|0x0000000709200000, 0x0000000709400000, 0x0000000709400000|100%| O|  |TAMS 0x0000000709200000| PB 0x0000000709200000| Untracked 
|  74|0x0000000709400000, 0x0000000709600000, 0x0000000709600000|100%| O|  |TAMS 0x0000000709400000| PB 0x0000000709400000| Untracked 
|  75|0x0000000709600000, 0x0000000709800000, 0x0000000709800000|100%| O|  |TAMS 0x0000000709600000| PB 0x0000000709600000| Untracked 
|  76|0x0000000709800000, 0x0000000709a00000, 0x0000000709a00000|100%| O|  |TAMS 0x0000000709800000| PB 0x0000000709800000| Untracked 
|  77|0x0000000709a00000, 0x0000000709c00000, 0x0000000709c00000|100%| O|  |TAMS 0x0000000709a00000| PB 0x0000000709a00000| Untracked 
|  78|0x0000000709c00000, 0x0000000709c00000, 0x0000000709e00000|  0%| F|  |TAMS 0x0000000709c00000| PB 0x0000000709c00000| Untracked 
|  79|0x0000000709e00000, 0x0000000709e00000, 0x000000070a000000|  0%| F|  |TAMS 0x0000000709e00000| PB 0x0000000709e00000| Untracked 
|  80|0x000000070a000000, 0x000000070a200000, 0x000000070a200000|100%| O|  |TAMS 0x000000070a000000| PB 0x000000070a000000| Untracked 
|  81|0x000000070a200000, 0x000000070a200000, 0x000000070a400000|  0%| F|  |TAMS 0x000000070a200000| PB 0x000000070a200000| Untracked 
|  82|0x000000070a400000, 0x000000070a600000, 0x000000070a600000|100%| O|  |TAMS 0x000000070a400000| PB 0x000000070a400000| Untracked 
|  83|0x000000070a600000, 0x000000070a800000, 0x000000070a800000|100%| O|  |TAMS 0x000000070a600000| PB 0x000000070a600000| Untracked 
|  84|0x000000070a800000, 0x000000070aa00000, 0x000000070aa00000|100%| O|  |TAMS 0x000000070a800000| PB 0x000000070a800000| Untracked 
|  85|0x000000070aa00000, 0x000000070aa00000, 0x000000070ac00000|  0%| F|  |TAMS 0x000000070aa00000| PB 0x000000070aa00000| Untracked 
|  86|0x000000070ac00000, 0x000000070ae00000, 0x000000070ae00000|100%| O|  |TAMS 0x000000070ac00000| PB 0x000000070ac00000| Untracked 
|  87|0x000000070ae00000, 0x000000070b000000, 0x000000070b000000|100%| O|  |TAMS 0x000000070ae00000| PB 0x000000070ae00000| Untracked 
|  88|0x000000070b000000, 0x000000070b200000, 0x000000070b200000|100%| O|  |TAMS 0x000000070b000000| PB 0x000000070b000000| Untracked 
|  89|0x000000070b200000, 0x000000070b400000, 0x000000070b400000|100%| O|  |TAMS 0x000000070b200000| PB 0x000000070b200000| Untracked 
|  90|0x000000070b400000, 0x000000070b600000, 0x000000070b600000|100%| O|  |TAMS 0x000000070b400000| PB 0x000000070b400000| Untracked 
|  91|0x000000070b600000, 0x000000070b800000, 0x000000070b800000|100%| O|  |TAMS 0x000000070b600000| PB 0x000000070b600000| Untracked 
|  92|0x000000070b800000, 0x000000070ba00000, 0x000000070ba00000|100%| O|  |TAMS 0x000000070b800000| PB 0x000000070b800000| Untracked 
|  93|0x000000070ba00000, 0x000000070bc00000, 0x000000070bc00000|100%| O|  |TAMS 0x000000070ba00000| PB 0x000000070ba00000| Untracked 
|  94|0x000000070bc00000, 0x000000070be00000, 0x000000070be00000|100%| O|  |TAMS 0x000000070bc00000| PB 0x000000070bc00000| Untracked 
|  95|0x000000070be00000, 0x000000070c000000, 0x000000070c000000|100%| O|  |TAMS 0x000000070be00000| PB 0x000000070be00000| Untracked 
|  96|0x000000070c000000, 0x000000070c200000, 0x000000070c200000|100%| O|  |TAMS 0x000000070c000000| PB 0x000000070c000000| Untracked 
|  97|0x000000070c200000, 0x000000070c400000, 0x000000070c400000|100%| O|  |TAMS 0x000000070c200000| PB 0x000000070c200000| Untracked 
|  98|0x000000070c400000, 0x000000070c600000, 0x000000070c600000|100%| O|  |TAMS 0x000000070c400000| PB 0x000000070c400000| Untracked 
|  99|0x000000070c600000, 0x000000070c800000, 0x000000070c800000|100%| O|  |TAMS 0x000000070c600000| PB 0x000000070c600000| Untracked 
| 100|0x000000070c800000, 0x000000070ca00000, 0x000000070ca00000|100%| O|  |TAMS 0x000000070c800000| PB 0x000000070c800000| Untracked 
| 101|0x000000070ca00000, 0x000000070cc00000, 0x000000070cc00000|100%| O|  |TAMS 0x000000070ca00000| PB 0x000000070ca00000| Untracked 
| 102|0x000000070cc00000, 0x000000070ce00000, 0x000000070ce00000|100%|HS|  |TAMS 0x000000070cc00000| PB 0x000000070cc00000| Complete 
| 103|0x000000070ce00000, 0x000000070d000000, 0x000000070d000000|100%|HS|  |TAMS 0x000000070ce00000| PB 0x000000070ce00000| Complete 
| 104|0x000000070d000000, 0x000000070d200000, 0x000000070d200000|100%|HS|  |TAMS 0x000000070d000000| PB 0x000000070d000000| Complete 
| 105|0x000000070d200000, 0x000000070d400000, 0x000000070d400000|100%| O|  |TAMS 0x000000070d200000| PB 0x000000070d200000| Untracked 
| 106|0x000000070d400000, 0x000000070d600000, 0x000000070d600000|100%| O|  |TAMS 0x000000070d400000| PB 0x000000070d400000| Untracked 
| 107|0x000000070d600000, 0x000000070d800000, 0x000000070d800000|100%| O|  |TAMS 0x000000070d600000| PB 0x000000070d600000| Untracked 
| 108|0x000000070d800000, 0x000000070da00000, 0x000000070da00000|100%| O|  |TAMS 0x000000070d800000| PB 0x000000070d800000| Untracked 
| 109|0x000000070da00000, 0x000000070dc00000, 0x000000070dc00000|100%| O|  |TAMS 0x000000070da00000| PB 0x000000070da00000| Untracked 
| 110|0x000000070dc00000, 0x000000070de00000, 0x000000070de00000|100%| O|  |TAMS 0x000000070dc00000| PB 0x000000070dc00000| Untracked 
| 111|0x000000070de00000, 0x000000070de00000, 0x000000070e000000|  0%| F|  |TAMS 0x000000070de00000| PB 0x000000070de00000| Untracked 
| 112|0x000000070e000000, 0x000000070e200000, 0x000000070e200000|100%| O|  |TAMS 0x000000070e000000| PB 0x000000070e000000| Untracked 
| 113|0x000000070e200000, 0x000000070e400000, 0x000000070e400000|100%| O|  |TAMS 0x000000070e200000| PB 0x000000070e200000| Untracked 
| 114|0x000000070e400000, 0x000000070e600000, 0x000000070e600000|100%| O|  |TAMS 0x000000070e400000| PB 0x000000070e400000| Untracked 
| 115|0x000000070e600000, 0x000000070e800000, 0x000000070e800000|100%| O|  |TAMS 0x000000070e600000| PB 0x000000070e600000| Untracked 
| 116|0x000000070e800000, 0x000000070ea00000, 0x000000070ea00000|100%| O|  |TAMS 0x000000070e800000| PB 0x000000070e800000| Untracked 
| 117|0x000000070ea00000, 0x000000070ec00000, 0x000000070ec00000|100%| O|  |TAMS 0x000000070ea00000| PB 0x000000070ea00000| Untracked 
| 118|0x000000070ec00000, 0x000000070ee00000, 0x000000070ee00000|100%| O|  |TAMS 0x000000070ec00000| PB 0x000000070ec00000| Untracked 
| 119|0x000000070ee00000, 0x000000070f000000, 0x000000070f000000|100%| O|  |TAMS 0x000000070ee00000| PB 0x000000070ee00000| Untracked 
| 120|0x000000070f000000, 0x000000070f200000, 0x000000070f200000|100%| O|  |TAMS 0x000000070f000000| PB 0x000000070f000000| Untracked 
| 121|0x000000070f200000, 0x000000070f400000, 0x000000070f400000|100%| O|  |TAMS 0x000000070f200000| PB 0x000000070f200000| Untracked 
| 122|0x000000070f400000, 0x000000070f600000, 0x000000070f600000|100%| O|  |TAMS 0x000000070f400000| PB 0x000000070f400000| Untracked 
| 123|0x000000070f600000, 0x000000070f800000, 0x000000070f800000|100%| O|  |TAMS 0x000000070f600000| PB 0x000000070f600000| Untracked 
| 124|0x000000070f800000, 0x000000070fa00000, 0x000000070fa00000|100%| O|  |TAMS 0x000000070f800000| PB 0x000000070f800000| Untracked 
| 125|0x000000070fa00000, 0x000000070fc00000, 0x000000070fc00000|100%| O|  |TAMS 0x000000070fa00000| PB 0x000000070fa00000| Untracked 
| 126|0x000000070fc00000, 0x000000070fe00000, 0x000000070fe00000|100%| O|  |TAMS 0x000000070fc00000| PB 0x000000070fc00000| Untracked 
| 127|0x000000070fe00000, 0x0000000710000000, 0x0000000710000000|100%| O|  |TAMS 0x000000070fe00000| PB 0x000000070fe00000| Untracked 
| 128|0x0000000710000000, 0x0000000710200000, 0x0000000710200000|100%| O|  |TAMS 0x0000000710000000| PB 0x0000000710000000| Untracked 
| 129|0x0000000710200000, 0x0000000710400000, 0x0000000710400000|100%| O|  |TAMS 0x0000000710200000| PB 0x0000000710200000| Untracked 
| 130|0x0000000710400000, 0x0000000710600000, 0x0000000710600000|100%| O|  |TAMS 0x0000000710400000| PB 0x0000000710400000| Untracked 
| 131|0x0000000710600000, 0x0000000710800000, 0x0000000710800000|100%| O|  |TAMS 0x0000000710600000| PB 0x0000000710600000| Untracked 
| 132|0x0000000710800000, 0x0000000710a00000, 0x0000000710a00000|100%| O|  |TAMS 0x0000000710800000| PB 0x0000000710800000| Untracked 
| 133|0x0000000710a00000, 0x0000000710c00000, 0x0000000710c00000|100%| O|  |TAMS 0x0000000710a00000| PB 0x0000000710a00000| Untracked 
| 134|0x0000000710c00000, 0x0000000710e00000, 0x0000000710e00000|100%| O|  |TAMS 0x0000000710c00000| PB 0x0000000710c00000| Untracked 
| 135|0x0000000710e00000, 0x0000000711000000, 0x0000000711000000|100%| O|  |TAMS 0x0000000710e00000| PB 0x0000000710e00000| Untracked 
| 136|0x0000000711000000, 0x0000000711200000, 0x0000000711200000|100%| O|  |TAMS 0x0000000711000000| PB 0x0000000711000000| Untracked 
| 137|0x0000000711200000, 0x0000000711400000, 0x0000000711400000|100%| O|  |TAMS 0x0000000711200000| PB 0x0000000711200000| Untracked 
| 138|0x0000000711400000, 0x0000000711600000, 0x0000000711600000|100%| O|  |TAMS 0x0000000711400000| PB 0x0000000711400000| Untracked 
| 139|0x0000000711600000, 0x0000000711800000, 0x0000000711800000|100%| O|  |TAMS 0x0000000711600000| PB 0x0000000711600000| Untracked 
| 140|0x0000000711800000, 0x0000000711a00000, 0x0000000711a00000|100%| O|  |TAMS 0x0000000711800000| PB 0x0000000711800000| Untracked 
| 141|0x0000000711a00000, 0x0000000711c00000, 0x0000000711c00000|100%| O|  |TAMS 0x0000000711a00000| PB 0x0000000711a00000| Untracked 
| 142|0x0000000711c00000, 0x0000000711e00000, 0x0000000711e00000|100%| O|  |TAMS 0x0000000711c00000| PB 0x0000000711c00000| Untracked 
| 143|0x0000000711e00000, 0x0000000712000000, 0x0000000712000000|100%| O|  |TAMS 0x0000000711e00000| PB 0x0000000711e00000| Untracked 
| 144|0x0000000712000000, 0x0000000712200000, 0x0000000712200000|100%| O|  |TAMS 0x0000000712000000| PB 0x0000000712000000| Untracked 
| 145|0x0000000712200000, 0x0000000712400000, 0x0000000712400000|100%| O|  |TAMS 0x0000000712200000| PB 0x0000000712200000| Untracked 
| 146|0x0000000712400000, 0x0000000712600000, 0x0000000712600000|100%| O|  |TAMS 0x0000000712400000| PB 0x0000000712400000| Untracked 
| 147|0x0000000712600000, 0x0000000712800000, 0x0000000712800000|100%| O|  |TAMS 0x0000000712600000| PB 0x0000000712600000| Untracked 
| 148|0x0000000712800000, 0x0000000712a00000, 0x0000000712a00000|100%| O|  |TAMS 0x0000000712800000| PB 0x0000000712800000| Untracked 
| 149|0x0000000712a00000, 0x0000000712c00000, 0x0000000712c00000|100%| O|  |TAMS 0x0000000712a00000| PB 0x0000000712a00000| Untracked 
| 150|0x0000000712c00000, 0x0000000712e00000, 0x0000000712e00000|100%| O|  |TAMS 0x0000000712c00000| PB 0x0000000712c00000| Untracked 
| 151|0x0000000712e00000, 0x0000000713000000, 0x0000000713000000|100%| O|  |TAMS 0x0000000712e00000| PB 0x0000000712e00000| Untracked 
| 152|0x0000000713000000, 0x0000000713200000, 0x0000000713200000|100%| O|  |TAMS 0x0000000713000000| PB 0x0000000713000000| Untracked 
| 153|0x0000000713200000, 0x0000000713400000, 0x0000000713400000|100%| O|  |TAMS 0x0000000713200000| PB 0x0000000713200000| Untracked 
| 154|0x0000000713400000, 0x0000000713600000, 0x0000000713600000|100%| O|  |TAMS 0x0000000713400000| PB 0x0000000713400000| Untracked 
| 155|0x0000000713600000, 0x0000000713800000, 0x0000000713800000|100%| O|  |TAMS 0x0000000713600000| PB 0x0000000713600000| Untracked 
| 156|0x0000000713800000, 0x0000000713a00000, 0x0000000713a00000|100%| O|  |TAMS 0x0000000713800000| PB 0x0000000713800000| Untracked 
| 157|0x0000000713a00000, 0x0000000713c00000, 0x0000000713c00000|100%| O|  |TAMS 0x0000000713a00000| PB 0x0000000713a00000| Untracked 
| 158|0x0000000713c00000, 0x0000000713e00000, 0x0000000713e00000|100%| O|  |TAMS 0x0000000713c00000| PB 0x0000000713c00000| Untracked 
| 159|0x0000000713e00000, 0x0000000714000000, 0x0000000714000000|100%| O|  |TAMS 0x0000000713e00000| PB 0x0000000713e00000| Untracked 
| 160|0x0000000714000000, 0x0000000714200000, 0x0000000714200000|100%| O|  |TAMS 0x0000000714000000| PB 0x0000000714000000| Untracked 
| 161|0x0000000714200000, 0x0000000714400000, 0x0000000714400000|100%| O|  |TAMS 0x0000000714200000| PB 0x0000000714200000| Untracked 
| 162|0x0000000714400000, 0x0000000714600000, 0x0000000714600000|100%| O|  |TAMS 0x0000000714400000| PB 0x0000000714400000| Untracked 
| 163|0x0000000714600000, 0x0000000714800000, 0x0000000714800000|100%| O|  |TAMS 0x0000000714600000| PB 0x0000000714600000| Untracked 
| 164|0x0000000714800000, 0x0000000714a00000, 0x0000000714a00000|100%| O|  |TAMS 0x0000000714800000| PB 0x0000000714800000| Untracked 
| 165|0x0000000714a00000, 0x0000000714c00000, 0x0000000714c00000|100%| O|  |TAMS 0x0000000714a00000| PB 0x0000000714a00000| Untracked 
| 166|0x0000000714c00000, 0x0000000714e00000, 0x0000000714e00000|100%| O|  |TAMS 0x0000000714c00000| PB 0x0000000714c00000| Untracked 
| 167|0x0000000714e00000, 0x0000000715000000, 0x0000000715000000|100%| O|  |TAMS 0x0000000714e00000| PB 0x0000000714e00000| Untracked 
| 168|0x0000000715000000, 0x0000000715200000, 0x0000000715200000|100%| O|  |TAMS 0x0000000715000000| PB 0x0000000715000000| Untracked 
| 169|0x0000000715200000, 0x0000000715400000, 0x0000000715400000|100%| O|  |TAMS 0x0000000715200000| PB 0x0000000715200000| Untracked 
| 170|0x0000000715400000, 0x0000000715600000, 0x0000000715600000|100%| O|  |TAMS 0x0000000715400000| PB 0x0000000715400000| Untracked 
| 171|0x0000000715600000, 0x0000000715800000, 0x0000000715800000|100%| O|  |TAMS 0x0000000715600000| PB 0x0000000715600000| Untracked 
| 172|0x0000000715800000, 0x0000000715a00000, 0x0000000715a00000|100%| O|  |TAMS 0x0000000715800000| PB 0x0000000715800000| Untracked 
| 173|0x0000000715a00000, 0x0000000715c00000, 0x0000000715c00000|100%| O|  |TAMS 0x0000000715a00000| PB 0x0000000715a00000| Untracked 
| 174|0x0000000715c00000, 0x0000000715e00000, 0x0000000715e00000|100%| O|  |TAMS 0x0000000715c00000| PB 0x0000000715c00000| Untracked 
| 175|0x0000000715e00000, 0x0000000716000000, 0x0000000716000000|100%| O|  |TAMS 0x0000000715e00000| PB 0x0000000715e00000| Untracked 
| 176|0x0000000716000000, 0x0000000716200000, 0x0000000716200000|100%| O|  |TAMS 0x0000000716000000| PB 0x0000000716000000| Untracked 
| 177|0x0000000716200000, 0x0000000716400000, 0x0000000716400000|100%| O|  |TAMS 0x0000000716200000| PB 0x0000000716200000| Untracked 
| 178|0x0000000716400000, 0x0000000716600000, 0x0000000716600000|100%| O|  |TAMS 0x0000000716400000| PB 0x0000000716400000| Untracked 
| 179|0x0000000716600000, 0x0000000716800000, 0x0000000716800000|100%| O|  |TAMS 0x0000000716600000| PB 0x0000000716600000| Untracked 
| 180|0x0000000716800000, 0x0000000716a00000, 0x0000000716a00000|100%| O|  |TAMS 0x0000000716800000| PB 0x0000000716800000| Untracked 
| 181|0x0000000716a00000, 0x0000000716c00000, 0x0000000716c00000|100%| O|  |TAMS 0x0000000716a00000| PB 0x0000000716a00000| Untracked 
| 182|0x0000000716c00000, 0x0000000716e00000, 0x0000000716e00000|100%| O|  |TAMS 0x0000000716c00000| PB 0x0000000716c00000| Untracked 
| 183|0x0000000716e00000, 0x0000000717000000, 0x0000000717000000|100%| O|  |TAMS 0x0000000716e00000| PB 0x0000000716e00000| Untracked 
| 184|0x0000000717000000, 0x0000000717200000, 0x0000000717200000|100%| O|  |TAMS 0x0000000717000000| PB 0x0000000717000000| Untracked 
| 185|0x0000000717200000, 0x00000007173ac9c0, 0x0000000717400000| 83%| O|  |TAMS 0x0000000717200000| PB 0x0000000717200000| Untracked 
| 186|0x0000000717400000, 0x0000000717400000, 0x0000000717600000|  0%| F|  |TAMS 0x0000000717400000| PB 0x0000000717400000| Untracked 
| 187|0x0000000717600000, 0x0000000717600000, 0x0000000717800000|  0%| F|  |TAMS 0x0000000717600000| PB 0x0000000717600000| Untracked 
| 188|0x0000000717800000, 0x0000000717800000, 0x0000000717a00000|  0%| F|  |TAMS 0x0000000717800000| PB 0x0000000717800000| Untracked 
| 189|0x0000000717a00000, 0x0000000717a00000, 0x0000000717c00000|  0%| F|  |TAMS 0x0000000717a00000| PB 0x0000000717a00000| Untracked 
| 190|0x0000000717c00000, 0x0000000717c00000, 0x0000000717e00000|  0%| F|  |TAMS 0x0000000717c00000| PB 0x0000000717c00000| Untracked 
| 191|0x0000000717e00000, 0x0000000717e00000, 0x0000000718000000|  0%| F|  |TAMS 0x0000000717e00000| PB 0x0000000717e00000| Untracked 
| 192|0x0000000718000000, 0x0000000718000000, 0x0000000718200000|  0%| F|  |TAMS 0x0000000718000000| PB 0x0000000718000000| Untracked 
| 193|0x0000000718200000, 0x0000000718200000, 0x0000000718400000|  0%| F|  |TAMS 0x0000000718200000| PB 0x0000000718200000| Untracked 
| 194|0x0000000718400000, 0x0000000718400000, 0x0000000718600000|  0%| F|  |TAMS 0x0000000718400000| PB 0x0000000718400000| Untracked 
| 195|0x0000000718600000, 0x0000000718600000, 0x0000000718800000|  0%| F|  |TAMS 0x0000000718600000| PB 0x0000000718600000| Untracked 
| 196|0x0000000718800000, 0x0000000718a00000, 0x0000000718a00000|100%| S|CS|TAMS 0x0000000718800000| PB 0x0000000718800000| Complete 
| 197|0x0000000718a00000, 0x0000000718c00000, 0x0000000718c00000|100%| S|CS|TAMS 0x0000000718a00000| PB 0x0000000718a00000| Complete 
| 198|0x0000000718c00000, 0x0000000718e00000, 0x0000000718e00000|100%| S|CS|TAMS 0x0000000718c00000| PB 0x0000000718c00000| Complete 
| 199|0x0000000718e00000, 0x0000000719000000, 0x0000000719000000|100%| S|CS|TAMS 0x0000000718e00000| PB 0x0000000718e00000| Complete 
| 200|0x0000000719000000, 0x0000000719200000, 0x0000000719200000|100%| S|CS|TAMS 0x0000000719000000| PB 0x0000000719000000| Complete 
| 201|0x0000000719200000, 0x0000000719400000, 0x0000000719400000|100%| S|CS|TAMS 0x0000000719200000| PB 0x0000000719200000| Complete 
| 202|0x0000000719400000, 0x0000000719600000, 0x0000000719600000|100%| S|CS|TAMS 0x0000000719400000| PB 0x0000000719400000| Complete 
| 203|0x0000000719600000, 0x0000000719800000, 0x0000000719800000|100%| S|CS|TAMS 0x0000000719600000| PB 0x0000000719600000| Complete 
| 204|0x0000000719800000, 0x0000000719800000, 0x0000000719a00000|  0%| F|  |TAMS 0x0000000719800000| PB 0x0000000719800000| Untracked 
| 205|0x0000000719a00000, 0x0000000719a00000, 0x0000000719c00000|  0%| F|  |TAMS 0x0000000719a00000| PB 0x0000000719a00000| Untracked 
| 206|0x0000000719c00000, 0x0000000719c00000, 0x0000000719e00000|  0%| F|  |TAMS 0x0000000719c00000| PB 0x0000000719c00000| Untracked 
| 207|0x0000000719e00000, 0x0000000719e00000, 0x000000071a000000|  0%| F|  |TAMS 0x0000000719e00000| PB 0x0000000719e00000| Untracked 
| 208|0x000000071a000000, 0x000000071a000000, 0x000000071a200000|  0%| F|  |TAMS 0x000000071a000000| PB 0x000000071a000000| Untracked 
| 209|0x000000071a200000, 0x000000071a200000, 0x000000071a400000|  0%| F|  |TAMS 0x000000071a200000| PB 0x000000071a200000| Untracked 
| 210|0x000000071a400000, 0x000000071a600000, 0x000000071a600000|100%| S|CS|TAMS 0x000000071a400000| PB 0x000000071a400000| Complete 
| 211|0x000000071a600000, 0x000000071a600000, 0x000000071a800000|  0%| F|  |TAMS 0x000000071a600000| PB 0x000000071a600000| Untracked 
| 212|0x000000071a800000, 0x000000071a800000, 0x000000071aa00000|  0%| F|  |TAMS 0x000000071a800000| PB 0x000000071a800000| Untracked 
| 213|0x000000071aa00000, 0x000000071aa00000, 0x000000071ac00000|  0%| F|  |TAMS 0x000000071aa00000| PB 0x000000071aa00000| Untracked 
| 214|0x000000071ac00000, 0x000000071ac00000, 0x000000071ae00000|  0%| F|  |TAMS 0x000000071ac00000| PB 0x000000071ac00000| Untracked 
| 215|0x000000071ae00000, 0x000000071ae00000, 0x000000071b000000|  0%| F|  |TAMS 0x000000071ae00000| PB 0x000000071ae00000| Untracked 
| 216|0x000000071b000000, 0x000000071b000000, 0x000000071b200000|  0%| F|  |TAMS 0x000000071b000000| PB 0x000000071b000000| Untracked 
| 217|0x000000071b200000, 0x000000071b200000, 0x000000071b400000|  0%| F|  |TAMS 0x000000071b200000| PB 0x000000071b200000| Untracked 
| 218|0x000000071b400000, 0x000000071b400000, 0x000000071b600000|  0%| F|  |TAMS 0x000000071b400000| PB 0x000000071b400000| Untracked 
| 219|0x000000071b600000, 0x000000071b600000, 0x000000071b800000|  0%| F|  |TAMS 0x000000071b600000| PB 0x000000071b600000| Untracked 
| 220|0x000000071b800000, 0x000000071b800000, 0x000000071ba00000|  0%| F|  |TAMS 0x000000071b800000| PB 0x000000071b800000| Untracked 
| 221|0x000000071ba00000, 0x000000071ba00000, 0x000000071bc00000|  0%| F|  |TAMS 0x000000071ba00000| PB 0x000000071ba00000| Untracked 
| 222|0x000000071bc00000, 0x000000071bc00000, 0x000000071be00000|  0%| F|  |TAMS 0x000000071bc00000| PB 0x000000071bc00000| Untracked 
| 223|0x000000071be00000, 0x000000071be00000, 0x000000071c000000|  0%| F|  |TAMS 0x000000071be00000| PB 0x000000071be00000| Untracked 
| 224|0x000000071c000000, 0x000000071c000000, 0x000000071c200000|  0%| F|  |TAMS 0x000000071c000000| PB 0x000000071c000000| Untracked 
| 225|0x000000071c200000, 0x000000071c200000, 0x000000071c400000|  0%| F|  |TAMS 0x000000071c200000| PB 0x000000071c200000| Untracked 
| 226|0x000000071c400000, 0x000000071c400000, 0x000000071c600000|  0%| F|  |TAMS 0x000000071c400000| PB 0x000000071c400000| Untracked 
| 227|0x000000071c600000, 0x000000071c600000, 0x000000071c800000|  0%| F|  |TAMS 0x000000071c600000| PB 0x000000071c600000| Untracked 
| 228|0x000000071c800000, 0x000000071c800000, 0x000000071ca00000|  0%| F|  |TAMS 0x000000071c800000| PB 0x000000071c800000| Untracked 
| 229|0x000000071ca00000, 0x000000071ca00000, 0x000000071cc00000|  0%| F|  |TAMS 0x000000071ca00000| PB 0x000000071ca00000| Untracked 
| 230|0x000000071cc00000, 0x000000071cc00000, 0x000000071ce00000|  0%| F|  |TAMS 0x000000071cc00000| PB 0x000000071cc00000| Untracked 
| 231|0x000000071ce00000, 0x000000071ce00000, 0x000000071d000000|  0%| F|  |TAMS 0x000000071ce00000| PB 0x000000071ce00000| Untracked 
| 232|0x000000071d000000, 0x000000071d000000, 0x000000071d200000|  0%| F|  |TAMS 0x000000071d000000| PB 0x000000071d000000| Untracked 
| 233|0x000000071d200000, 0x000000071d200000, 0x000000071d400000|  0%| F|  |TAMS 0x000000071d200000| PB 0x000000071d200000| Untracked 
| 234|0x000000071d400000, 0x000000071d400000, 0x000000071d600000|  0%| F|  |TAMS 0x000000071d400000| PB 0x000000071d400000| Untracked 
| 235|0x000000071d600000, 0x000000071d600000, 0x000000071d800000|  0%| F|  |TAMS 0x000000071d600000| PB 0x000000071d600000| Untracked 
| 236|0x000000071d800000, 0x000000071d800000, 0x000000071da00000|  0%| F|  |TAMS 0x000000071d800000| PB 0x000000071d800000| Untracked 
| 237|0x000000071da00000, 0x000000071da00000, 0x000000071dc00000|  0%| F|  |TAMS 0x000000071da00000| PB 0x000000071da00000| Untracked 
| 238|0x000000071dc00000, 0x000000071dc00000, 0x000000071de00000|  0%| F|  |TAMS 0x000000071dc00000| PB 0x000000071dc00000| Untracked 
| 239|0x000000071de00000, 0x000000071de00000, 0x000000071e000000|  0%| F|  |TAMS 0x000000071de00000| PB 0x000000071de00000| Untracked 
| 240|0x000000071e000000, 0x000000071e000000, 0x000000071e200000|  0%| F|  |TAMS 0x000000071e000000| PB 0x000000071e000000| Untracked 
| 241|0x000000071e200000, 0x000000071e200000, 0x000000071e400000|  0%| F|  |TAMS 0x000000071e200000| PB 0x000000071e200000| Untracked 
| 242|0x000000071e400000, 0x000000071e400000, 0x000000071e600000|  0%| F|  |TAMS 0x000000071e400000| PB 0x000000071e400000| Untracked 
| 243|0x000000071e600000, 0x000000071e600000, 0x000000071e800000|  0%| F|  |TAMS 0x000000071e600000| PB 0x000000071e600000| Untracked 
| 244|0x000000071e800000, 0x000000071e800000, 0x000000071ea00000|  0%| F|  |TAMS 0x000000071e800000| PB 0x000000071e800000| Untracked 
| 245|0x000000071ea00000, 0x000000071ea00000, 0x000000071ec00000|  0%| F|  |TAMS 0x000000071ea00000| PB 0x000000071ea00000| Untracked 
| 246|0x000000071ec00000, 0x000000071ec00000, 0x000000071ee00000|  0%| F|  |TAMS 0x000000071ec00000| PB 0x000000071ec00000| Untracked 
| 247|0x000000071ee00000, 0x000000071ee00000, 0x000000071f000000|  0%| F|  |TAMS 0x000000071ee00000| PB 0x000000071ee00000| Untracked 
| 248|0x000000071f000000, 0x000000071f000000, 0x000000071f200000|  0%| F|  |TAMS 0x000000071f000000| PB 0x000000071f000000| Untracked 
| 249|0x000000071f200000, 0x000000071f200000, 0x000000071f400000|  0%| F|  |TAMS 0x000000071f200000| PB 0x000000071f200000| Untracked 
| 250|0x000000071f400000, 0x000000071f400000, 0x000000071f600000|  0%| F|  |TAMS 0x000000071f400000| PB 0x000000071f400000| Untracked 
| 251|0x000000071f600000, 0x000000071f600000, 0x000000071f800000|  0%| F|  |TAMS 0x000000071f600000| PB 0x000000071f600000| Untracked 
| 252|0x000000071f800000, 0x000000071f800000, 0x000000071fa00000|  0%| F|  |TAMS 0x000000071f800000| PB 0x000000071f800000| Untracked 
| 253|0x000000071fa00000, 0x000000071fa00000, 0x000000071fc00000|  0%| F|  |TAMS 0x000000071fa00000| PB 0x000000071fa00000| Untracked 
| 254|0x000000071fc00000, 0x000000071fc00000, 0x000000071fe00000|  0%| F|  |TAMS 0x000000071fc00000| PB 0x000000071fc00000| Untracked 
| 255|0x000000071fe00000, 0x000000071fe00000, 0x0000000720000000|  0%| F|  |TAMS 0x000000071fe00000| PB 0x000000071fe00000| Untracked 
| 256|0x0000000720000000, 0x0000000720000000, 0x0000000720200000|  0%| F|  |TAMS 0x0000000720000000| PB 0x0000000720000000| Untracked 
| 257|0x0000000720200000, 0x0000000720200000, 0x0000000720400000|  0%| F|  |TAMS 0x0000000720200000| PB 0x0000000720200000| Untracked 
| 258|0x0000000720400000, 0x0000000720400000, 0x0000000720600000|  0%| F|  |TAMS 0x0000000720400000| PB 0x0000000720400000| Untracked 
| 259|0x0000000720600000, 0x0000000720600000, 0x0000000720800000|  0%| F|  |TAMS 0x0000000720600000| PB 0x0000000720600000| Untracked 
| 260|0x0000000720800000, 0x0000000720800000, 0x0000000720a00000|  0%| F|  |TAMS 0x0000000720800000| PB 0x0000000720800000| Untracked 
| 261|0x0000000720a00000, 0x0000000720a00000, 0x0000000720c00000|  0%| F|  |TAMS 0x0000000720a00000| PB 0x0000000720a00000| Untracked 
| 262|0x0000000720c00000, 0x0000000720c00000, 0x0000000720e00000|  0%| F|  |TAMS 0x0000000720c00000| PB 0x0000000720c00000| Untracked 
| 263|0x0000000720e00000, 0x0000000720e00000, 0x0000000721000000|  0%| F|  |TAMS 0x0000000720e00000| PB 0x0000000720e00000| Untracked 
| 264|0x0000000721000000, 0x0000000721000000, 0x0000000721200000|  0%| F|  |TAMS 0x0000000721000000| PB 0x0000000721000000| Untracked 
| 265|0x0000000721200000, 0x0000000721200000, 0x0000000721400000|  0%| F|  |TAMS 0x0000000721200000| PB 0x0000000721200000| Untracked 
| 266|0x0000000721400000, 0x0000000721400000, 0x0000000721600000|  0%| F|  |TAMS 0x0000000721400000| PB 0x0000000721400000| Untracked 
| 267|0x0000000721600000, 0x0000000721600000, 0x0000000721800000|  0%| F|  |TAMS 0x0000000721600000| PB 0x0000000721600000| Untracked 
| 268|0x0000000721800000, 0x0000000721800000, 0x0000000721a00000|  0%| F|  |TAMS 0x0000000721800000| PB 0x0000000721800000| Untracked 
| 269|0x0000000721a00000, 0x0000000721a00000, 0x0000000721c00000|  0%| F|  |TAMS 0x0000000721a00000| PB 0x0000000721a00000| Untracked 
| 270|0x0000000721c00000, 0x0000000721c00000, 0x0000000721e00000|  0%| F|  |TAMS 0x0000000721c00000| PB 0x0000000721c00000| Untracked 
| 271|0x0000000721e00000, 0x0000000721e00000, 0x0000000722000000|  0%| F|  |TAMS 0x0000000721e00000| PB 0x0000000721e00000| Untracked 
|2041|0x00000007ff200000, 0x00000007ff400000, 0x00000007ff400000|100%| O|  |TAMS 0x00000007ff200000| PB 0x00000007ff200000| Untracked 
|2042|0x00000007ff400000, 0x00000007ff600000, 0x00000007ff600000|100%| O|  |TAMS 0x00000007ff400000| PB 0x00000007ff400000| Untracked 
|2043|0x00000007ff600000, 0x00000007ff800000, 0x00000007ff800000|100%| O|  |TAMS 0x00000007ff600000| PB 0x00000007ff600000| Untracked 
|2044|0x00000007ff800000, 0x00000007ff800000, 0x00000007ffa00000|  0%| F|  |TAMS 0x00000007ff800000| PB 0x00000007ff800000| Untracked 
|2045|0x00000007ffa00000, 0x00000007ffc00000, 0x00000007ffc00000|100%| O|  |TAMS 0x00000007ffa00000| PB 0x00000007ffa00000| Untracked 
|2046|0x00000007ffc00000, 0x00000007ffe00000, 0x00000007ffe00000|100%| O|  |TAMS 0x00000007ffc00000| PB 0x00000007ffc00000| Untracked 
|2047|0x00000007ffe00000, 0x0000000800000000, 0x0000000800000000|100%| O|  |TAMS 0x00000007ffe00000| PB 0x00000007ffe00000| Untracked 

Card table byte_map: [0x000002a1ec150000,0x000002a1ec950000] _byte_map_base: 0x000002a1e8950000

Marking Bits: (CMBitMap*) 0x000002a1d3f5c040
 Bits: [0x000002a1ec950000, 0x000002a1f0950000)

Polling page: 0x000002a1d1d00000

Metaspace:

Usage:
  Non-class:     97.19 MB used.
      Class:     15.20 MB used.
       Both:    112.38 MB used.

Virtual space:
  Non-class space:      128.00 MB reserved,      98.31 MB ( 77%) committed,  2 nodes.
      Class space:        1.00 GB reserved,      16.44 MB (  2%) committed,  1 nodes.
             Both:        1.12 GB reserved,     114.75 MB ( 10%) committed. 

Chunk freelists:
   Non-Class:  13.38 MB
       Class:  15.49 MB
        Both:  28.87 MB

MaxMetaspaceSize: unlimited
CompressedClassSpaceSize: 1.00 GB
Initial GC threshold: 21.00 MB
Current GC threshold: 190.75 MB
CDS: on
 - commit_granule_bytes: 65536.
 - commit_granule_words: 8192.
 - virtual_space_node_default_size: 8388608.
 - enlarge_chunks_in_place: 1.
 - use_allocation_guard: 0.


Internal statistics:

num_allocs_failed_limit: 6.
num_arena_births: 5182.
num_arena_deaths: 436.
num_vsnodes_births: 3.
num_vsnodes_deaths: 0.
num_space_committed: 1834.
num_space_uncommitted: 0.
num_chunks_returned_to_freelist: 633.
num_chunks_taken_from_freelist: 12131.
num_chunk_merges: 162.
num_chunk_splits: 6950.
num_chunks_enlarged: 3413.
num_inconsistent_stats: 0.

CodeHeap 'non-profiled nmethods': size=120000Kb used=8452Kb max_used=8504Kb free=111547Kb
 bounds [0x000002a1e40f0000, 0x000002a1e4950000, 0x000002a1eb620000]
CodeHeap 'profiled nmethods': size=120000Kb used=20141Kb max_used=20807Kb free=99858Kb
 bounds [0x000002a1dc620000, 0x000002a1ddad0000, 0x000002a1e3b50000]
CodeHeap 'non-nmethods': size=5760Kb used=2193Kb max_used=2193Kb free=3566Kb
 bounds [0x000002a1e3b50000, 0x000002a1e3dc0000, 0x000002a1e40f0000]
CodeCache: size=245760Kb, used=30786Kb, max_used=31504Kb, free=214971Kb
 total_blobs=12093, nmethods=11163, adapters=830, full_count=0
Compilation: enabled, stopped_count=0, restarted_count=0

Compilation events (20 events):
Event: 27.964 Thread 0x000002a1f2f81df0 nmethod 14010 0x000002a1dca1a610 code [0x000002a1dca1a7c0, 0x000002a1dca1a930]
Event: 27.964 Thread 0x000002a1f2f81df0 14011       2       org.jetbrains.kotlin.metadata.jvm.JvmModuleProtoBuf$PackageParts::isInitialized (39 bytes)
Event: 27.964 Thread 0x000002a1f2f81df0 nmethod 14011 0x000002a1dd96f610 code [0x000002a1dd96f7c0, 0x000002a1dd96f998]
Event: 27.964 Thread 0x000002a1f2f81df0 14012       2       org.jetbrains.kotlin.metadata.jvm.JvmModuleProtoBuf$PackageParts::hasPackageFqName (16 bytes)
Event: 27.964 Thread 0x000002a1f2f81df0 nmethod 14012 0x000002a1dd641490 code [0x000002a1dd641620, 0x000002a1dd641740]
Event: 27.964 Thread 0x000002a1f2f81df0 14013       2       org.jetbrains.kotlin.metadata.jvm.JvmModuleProtoBuf$PackageParts::getPackageFqName (41 bytes)
Event: 27.964 Thread 0x000002a1f2f81df0 nmethod 14013 0x000002a1dd510890 code [0x000002a1dd510a60, 0x000002a1dd510d28]
Event: 27.964 Thread 0x000002a1f2f81df0 14014       2       org.jetbrains.kotlin.metadata.jvm.deserialization.PackageParts::<init> (41 bytes)
Event: 27.965 Thread 0x000002a1f2f81df0 nmethod 14014 0x000002a1dc73cc90 code [0x000002a1dc73cec0, 0x000002a1dc73d3e8]
Event: 27.967 Thread 0x000002a1f2f81df0 14015       2       com.intellij.util.containers.LinkedCustomHashMap$Entry::access$002 (7 bytes)
Event: 27.967 Thread 0x000002a1f2f81df0 nmethod 14015 0x000002a1dd6aad10 code [0x000002a1dd6aaea0, 0x000002a1dd6aafe8]
Event: 27.967 Thread 0x000002a1f2f81df0 14016       1       kotlin.collections.EmptyMap::get (2 bytes)
Event: 27.967 Thread 0x000002a1f2f81df0 nmethod 14016 0x000002a1e4552290 code [0x000002a1e4552420, 0x000002a1e45524f0]
Event: 27.969 Thread 0x000002a1f2f81df0 14017       2       java.util.concurrent.atomic.AtomicInteger::<init> (10 bytes)
Event: 27.969 Thread 0x000002a1f2f81df0 nmethod 14017 0x000002a1dd775f10 code [0x000002a1dd7760a0, 0x000002a1dd7761b0]
Event: 27.971 Thread 0x000002a1f2f81df0 14018       2       java.util.concurrent.atomic.AtomicInteger::decrementAndGet (14 bytes)
Event: 27.971 Thread 0x000002a1f2f81df0 nmethod 14018 0x000002a1dd9a4790 code [0x000002a1dd9a4920, 0x000002a1dd9a4a38]
Event: 28.020 Thread 0x000002a1f2f81df0 14020       2       kotlin.collections.builders.ListBuilder$Itr::hasNext (20 bytes)
Event: 28.021 Thread 0x000002a1f2f81df0 nmethod 14020 0x000002a1dda04790 code [0x000002a1dda04920, 0x000002a1dda04a48]
Event: 28.021 Thread 0x000002a1f2f81df0 14021       2       com.intellij.util.text.CharArrayUtilKmp::shiftForward (93 bytes)

GC Heap History (20 events):
Event: 24.476 GC heap after
{Heap after GC invocations=41 (full 0):
 garbage-first heap   total 223232K, used 134774K [0x0000000700000000, 0x0000000800000000)
  region size 2048K, 5 young (10240K), 5 survivors (10240K)
 Metaspace       used 108048K, committed 110400K, reserved 1179648K
  class space    used 14433K, committed 15680K, reserved 1048576K
}
Event: 24.753 GC heap before
{Heap before GC invocations=41 (full 0):
 garbage-first heap   total 223232K, used 204406K [0x0000000700000000, 0x0000000800000000)
  region size 2048K, 39 young (79872K), 5 survivors (10240K)
 Metaspace       used 111249K, committed 113728K, reserved 1179648K
  class space    used 14924K, committed 16192K, reserved 1048576K
}
Event: 24.773 GC heap after
{Heap after GC invocations=42 (full 0):
 garbage-first heap   total 233472K, used 147456K [0x0000000700000000, 0x0000000800000000)
  region size 2048K, 5 young (10240K), 5 survivors (10240K)
 Metaspace       used 111249K, committed 113728K, reserved 1179648K
  class space    used 14924K, committed 16192K, reserved 1048576K
}
Event: 24.920 GC heap before
{Heap before GC invocations=42 (full 0):
 garbage-first heap   total 233472K, used 208896K [0x0000000700000000, 0x0000000800000000)
  region size 2048K, 36 young (73728K), 5 survivors (10240K)
 Metaspace       used 112588K, committed 115008K, reserved 1179648K
  class space    used 15318K, committed 16576K, reserved 1048576K
}
Event: 24.943 GC heap after
{Heap after GC invocations=43 (full 0):
 garbage-first heap   total 239616K, used 164168K [0x0000000700000000, 0x0000000800000000)
  region size 2048K, 5 young (10240K), 5 survivors (10240K)
 Metaspace       used 112588K, committed 115008K, reserved 1179648K
  class space    used 15318K, committed 16576K, reserved 1048576K
}
Event: 25.136 GC heap before
{Heap before GC invocations=43 (full 0):
 garbage-first heap   total 276480K, used 213320K [0x0000000700000000, 0x0000000800000000)
  region size 2048K, 29 young (59392K), 5 survivors (10240K)
 Metaspace       used 112995K, committed 115456K, reserved 1179648K
  class space    used 15345K, committed 16576K, reserved 1048576K
}
Event: 25.156 GC heap after
{Heap after GC invocations=44 (full 0):
 garbage-first heap   total 276480K, used 180016K [0x0000000700000000, 0x0000000800000000)
  region size 2048K, 4 young (8192K), 4 survivors (8192K)
 Metaspace       used 112995K, committed 115456K, reserved 1179648K
  class space    used 15345K, committed 16576K, reserved 1048576K
}
Event: 25.330 GC heap before
{Heap before GC invocations=45 (full 0):
 garbage-first heap   total 276480K, used 239408K [0x0000000700000000, 0x0000000800000000)
  region size 2048K, 34 young (69632K), 4 survivors (8192K)
 Metaspace       used 112997K, committed 115456K, reserved 1179648K
  class space    used 15345K, committed 16576K, reserved 1048576K
}
Event: 25.357 GC heap after
{Heap after GC invocations=46 (full 0):
 garbage-first heap   total 276480K, used 200545K [0x0000000700000000, 0x0000000800000000)
  region size 2048K, 5 young (10240K), 5 survivors (10240K)
 Metaspace       used 112997K, committed 115456K, reserved 1179648K
  class space    used 15345K, committed 16576K, reserved 1048576K
}
Event: 25.511 GC heap before
{Heap before GC invocations=46 (full 0):
 garbage-first heap   total 276480K, used 243553K [0x0000000700000000, 0x0000000800000000)
  region size 2048K, 27 young (55296K), 5 survivors (10240K)
 Metaspace       used 113025K, committed 115520K, reserved 1179648K
  class space    used 15359K, committed 16640K, reserved 1048576K
}
Event: 25.543 GC heap after
{Heap after GC invocations=47 (full 0):
 garbage-first heap   total 540672K, used 212138K [0x0000000700000000, 0x0000000800000000)
  region size 2048K, 4 young (8192K), 4 survivors (8192K)
 Metaspace       used 113025K, committed 115520K, reserved 1179648K
  class space    used 15359K, committed 16640K, reserved 1048576K
}
Event: 26.164 GC heap before
{Heap before GC invocations=47 (full 0):
 garbage-first heap   total 540672K, used 425130K [0x0000000700000000, 0x0000000800000000)
  region size 2048K, 109 young (223232K), 4 survivors (8192K)
 Metaspace       used 113124K, committed 115520K, reserved 1179648K
  class space    used 15369K, committed 16640K, reserved 1048576K
}
Event: 26.206 GC heap after
{Heap after GC invocations=48 (full 0):
 garbage-first heap   total 540672K, used 262144K [0x0000000700000000, 0x0000000800000000)
  region size 2048K, 14 young (28672K), 14 survivors (28672K)
 Metaspace       used 113124K, committed 115520K, reserved 1179648K
  class space    used 15369K, committed 16640K, reserved 1048576K
}
Event: 26.403 GC heap before
{Heap before GC invocations=48 (full 0):
 garbage-first heap   total 540672K, used 428032K [0x0000000700000000, 0x0000000800000000)
  region size 2048K, 92 young (188416K), 14 survivors (28672K)
 Metaspace       used 113263K, committed 115712K, reserved 1179648K
  class space    used 15378K, committed 16640K, reserved 1048576K
}
Event: 26.470 GC heap after
{Heap after GC invocations=49 (full 0):
 garbage-first heap   total 540672K, used 304128K [0x0000000700000000, 0x0000000800000000)
  region size 2048K, 12 young (24576K), 12 survivors (24576K)
 Metaspace       used 113263K, committed 115712K, reserved 1179648K
  class space    used 15378K, committed 16640K, reserved 1048576K
}
Event: 26.788 GC heap before
{Heap before GC invocations=49 (full 0):
 garbage-first heap   total 540672K, used 445440K [0x0000000700000000, 0x0000000800000000)
  region size 2048K, 81 young (165888K), 12 survivors (24576K)
 Metaspace       used 113794K, committed 116224K, reserved 1179648K
  class space    used 15438K, committed 16704K, reserved 1048576K
}
Event: 26.828 GC heap after
{Heap after GC invocations=50 (full 0):
 garbage-first heap   total 540672K, used 340795K [0x0000000700000000, 0x0000000800000000)
  region size 2048K, 11 young (22528K), 11 survivors (22528K)
 Metaspace       used 113794K, committed 116224K, reserved 1179648K
  class space    used 15438K, committed 16704K, reserved 1048576K
}
Event: 27.549 GC heap before
{Heap before GC invocations=51 (full 0):
 garbage-first heap   total 571392K, used 461627K [0x0000000700000000, 0x0000000800000000)
  region size 2048K, 71 young (145408K), 11 survivors (22528K)
 Metaspace       used 114890K, committed 117312K, reserved 1179648K
  class space    used 15547K, committed 16832K, reserved 1048576K
}
Event: 27.608 GC heap after
{Heap after GC invocations=52 (full 0):
 garbage-first heap   total 571392K, used 375639K [0x0000000700000000, 0x0000000800000000)
  region size 2048K, 9 young (18432K), 9 survivors (18432K)
 Metaspace       used 114890K, committed 117312K, reserved 1179648K
  class space    used 15547K, committed 16832K, reserved 1048576K
}
Event: 28.022 GC heap before
{Heap before GC invocations=52 (full 0):
 garbage-first heap   total 571392K, used 494423K [0x0000000700000000, 0x0000000800000000)
  region size 2048K, 68 young (139264K), 9 survivors (18432K)
 Metaspace       used 115077K, committed 117504K, reserved 1179648K
  class space    used 15560K, committed 16832K, reserved 1048576K
}

Dll operation events (15 events):
Event: 0.007 Loaded shared library S:\Dependency\.gradle\jdks\amazon_com_inc_-21-amd64-windows.2\bin\java.dll
Event: 0.027 Loaded shared library S:\Dependency\.gradle\jdks\amazon_com_inc_-21-amd64-windows.2\bin\jsvml.dll
Event: 0.053 Loaded shared library S:\Dependency\.gradle\jdks\amazon_com_inc_-21-amd64-windows.2\bin\zip.dll
Event: 0.055 Loaded shared library S:\Dependency\.gradle\jdks\amazon_com_inc_-21-amd64-windows.2\bin\instrument.dll
Event: 0.058 Loaded shared library S:\Dependency\.gradle\jdks\amazon_com_inc_-21-amd64-windows.2\bin\net.dll
Event: 0.059 Loaded shared library S:\Dependency\.gradle\jdks\amazon_com_inc_-21-amd64-windows.2\bin\nio.dll
Event: 0.061 Loaded shared library S:\Dependency\.gradle\jdks\amazon_com_inc_-21-amd64-windows.2\bin\zip.dll
Event: 0.234 Loaded shared library S:\Dependency\.gradle\jdks\amazon_com_inc_-21-amd64-windows.2\bin\jimage.dll
Event: 0.461 Loaded shared library S:\Dependency\.gradle\jdks\amazon_com_inc_-21-amd64-windows.2\bin\verify.dll
Event: 0.490 Loaded shared library S:\Dependency\.gradle\native\1def1411415f61bf3af743bc5b6707747c0891f09f0c88961ee8f79bc544acac\windows-amd64\native-platform.dll
Event: 0.498 Loaded shared library S:\Dependency\.gradle\native\0.2.8\x86_64-windows-gnu\gradle-fileevents.dll
Event: 1.372 Loaded shared library S:\Dependency\.gradle\jdks\amazon_com_inc_-21-amd64-windows.2\bin\management.dll
Event: 1.375 Loaded shared library S:\Dependency\.gradle\jdks\amazon_com_inc_-21-amd64-windows.2\bin\management_ext.dll
Event: 1.525 Loaded shared library S:\Dependency\.gradle\jdks\amazon_com_inc_-21-amd64-windows.2\bin\extnet.dll
Event: 1.739 Loaded shared library S:\Dependency\.gradle\jdks\amazon_com_inc_-21-amd64-windows.2\bin\sunmscapi.dll

Deoptimization events (20 events):
Event: 27.608 Thread 0x000002a1ff5f3ee0 Uncommon trap: trap_request=0xffffffbe fr.pc=0x000002a1e446a58c relative=0x000000000000414c
Event: 27.608 Thread 0x000002a1ff5f3ee0 Uncommon trap: reason=profile_predicate action=maybe_recompile pc=0x000002a1e446a58c method=com.android.tools.r8.internal.ga0.b(Ljava/lang/String;)Z @ 73 c2
Event: 27.608 Thread 0x000002a1ff5f3ee0 DEOPT PACKING pc=0x000002a1e446a58c sp=0x000000bc1e0fe1a0
Event: 27.608 Thread 0x000002a1ff5f3ee0 DEOPT UNPACKING pc=0x000002a1e3ba4422 sp=0x000000bc1e0fe0f0 mode 2
Event: 27.609 Thread 0x000002a1ff5f3ee0 Uncommon trap: trap_request=0xffffffbe fr.pc=0x000002a1e446a58c relative=0x000000000000414c
Event: 27.609 Thread 0x000002a1ff5f3ee0 Uncommon trap: reason=profile_predicate action=maybe_recompile pc=0x000002a1e446a58c method=com.android.tools.r8.internal.ga0.b(Ljava/lang/String;)Z @ 73 c2
Event: 27.609 Thread 0x000002a1ff5f3ee0 DEOPT PACKING pc=0x000002a1e446a58c sp=0x000000bc1e0fe1a0
Event: 27.609 Thread 0x000002a1ff5f3ee0 DEOPT UNPACKING pc=0x000002a1e3ba4422 sp=0x000000bc1e0fe0f0 mode 2
Event: 27.609 Thread 0x000002a1ff5f3ee0 Uncommon trap: trap_request=0xffffffbe fr.pc=0x000002a1e446a58c relative=0x000000000000414c
Event: 27.609 Thread 0x000002a1ff5f3ee0 Uncommon trap: reason=profile_predicate action=maybe_recompile pc=0x000002a1e446a58c method=com.android.tools.r8.internal.ga0.b(Ljava/lang/String;)Z @ 73 c2
Event: 27.609 Thread 0x000002a1ff5f3ee0 DEOPT PACKING pc=0x000002a1e446a58c sp=0x000000bc1e0fe1a0
Event: 27.609 Thread 0x000002a1ff5f3ee0 DEOPT UNPACKING pc=0x000002a1e3ba4422 sp=0x000000bc1e0fe0f0 mode 2
Event: 27.609 Thread 0x000002a1ff5f3ee0 Uncommon trap: trap_request=0xffffffbe fr.pc=0x000002a1e446a58c relative=0x000000000000414c
Event: 27.609 Thread 0x000002a1ff5f3ee0 Uncommon trap: reason=profile_predicate action=maybe_recompile pc=0x000002a1e446a58c method=com.android.tools.r8.internal.ga0.b(Ljava/lang/String;)Z @ 73 c2
Event: 27.609 Thread 0x000002a1ff5f3ee0 DEOPT PACKING pc=0x000002a1e446a58c sp=0x000000bc1e0fe1a0
Event: 27.609 Thread 0x000002a1ff5f3ee0 DEOPT UNPACKING pc=0x000002a1e3ba4422 sp=0x000000bc1e0fe0f0 mode 2
Event: 27.897 Thread 0x000002a1ff5f31c0 Uncommon trap: trap_request=0xffffff45 fr.pc=0x000002a1e4403e0c relative=0x000000000000058c
Event: 27.897 Thread 0x000002a1ff5f31c0 Uncommon trap: reason=unstable_if action=reinterpret pc=0x000002a1e4403e0c method=java.util.concurrent.ForkJoinPool.awaitWork(Ljava/util/concurrent/ForkJoinPool$WorkQueue;)I @ 266 c2
Event: 27.897 Thread 0x000002a1ff5f31c0 DEOPT PACKING pc=0x000002a1e4403e0c sp=0x000000bc1e1ff5f0
Event: 27.897 Thread 0x000002a1ff5f31c0 DEOPT UNPACKING pc=0x000002a1e3ba4422 sp=0x000000bc1e1ff570 mode 2

Classes loaded (20 events):
Event: 24.349 Loading class java/util/concurrent/atomic/AtomicIntegerFieldUpdater
Event: 24.350 Loading class java/util/concurrent/atomic/AtomicIntegerFieldUpdater done
Event: 24.350 Loading class java/util/concurrent/atomic/AtomicIntegerFieldUpdater$AtomicIntegerFieldUpdaterImpl
Event: 24.350 Loading class java/util/concurrent/atomic/AtomicIntegerFieldUpdater$AtomicIntegerFieldUpdaterImpl done
Event: 24.350 Loading class java/util/concurrent/atomic/AtomicIntegerFieldUpdater$AtomicIntegerFieldUpdaterImpl$1
Event: 24.350 Loading class java/util/concurrent/atomic/AtomicIntegerFieldUpdater$AtomicIntegerFieldUpdaterImpl$1 done
Event: 24.461 Loading class java/util/concurrent/ForkJoinTask$AdaptedCallable
Event: 24.461 Loading class java/util/concurrent/ForkJoinTask$AdaptedCallable done
Event: 24.534 Loading class java/nio/file/SimpleFileVisitor
Event: 24.534 Loading class java/nio/file/SimpleFileVisitor done
Event: 24.963 Loading class java/nio/file/attribute/UserPrincipalLookupService
Event: 24.963 Loading class java/nio/file/attribute/UserPrincipalLookupService done
Event: 25.003 Loading class java/util/AbstractMap$SimpleEntry
Event: 25.003 Loading class java/util/AbstractMap$SimpleEntry done
Event: 25.625 Loading class java/util/concurrent/ConcurrentHashMap$TreeNode
Event: 25.625 Loading class java/util/concurrent/ConcurrentHashMap$TreeNode done
Event: 25.625 Loading class java/util/concurrent/ConcurrentHashMap$TreeBin
Event: 25.625 Loading class java/util/concurrent/ConcurrentHashMap$TreeBin done
Event: 26.607 Loading class java/nio/file/FileSystemLoopException
Event: 26.608 Loading class java/nio/file/FileSystemLoopException done

Classes unloaded (20 events):
Event: 27.263 Thread 0x000002a1f2f20740 Unloading class 0x000002a181fa6400 'java/lang/invoke/LambdaForm$DMH+0x000002a181fa6400'
Event: 27.263 Thread 0x000002a1f2f20740 Unloading class 0x000002a181fa6c00 'java/lang/invoke/LambdaForm$DMH+0x000002a181fa6c00'
Event: 27.263 Thread 0x000002a1f2f20740 Unloading class 0x000002a181fa5c00 'java/lang/invoke/LambdaForm$DMH+0x000002a181fa5c00'
Event: 27.263 Thread 0x000002a1f2f20740 Unloading class 0x000002a181fa5800 'java/lang/invoke/LambdaForm$DMH+0x000002a181fa5800'
Event: 27.263 Thread 0x000002a1f2f20740 Unloading class 0x000002a181fa5000 'java/lang/invoke/LambdaForm$DMH+0x000002a181fa5000'
Event: 27.263 Thread 0x000002a1f2f20740 Unloading class 0x000002a181fa4c00 'java/lang/invoke/LambdaForm$DMH+0x000002a181fa4c00'
Event: 27.263 Thread 0x000002a1f2f20740 Unloading class 0x000002a181fa4800 'java/lang/invoke/LambdaForm$DMH+0x000002a181fa4800'
Event: 27.263 Thread 0x000002a1f2f20740 Unloading class 0x000002a181fa4400 'java/lang/invoke/LambdaForm$DMH+0x000002a181fa4400'
Event: 27.263 Thread 0x000002a1f2f20740 Unloading class 0x000002a181fa5400 'java/lang/invoke/LambdaForm$DMH+0x000002a181fa5400'
Event: 27.263 Thread 0x000002a1f2f20740 Unloading class 0x000002a181f89000 'java/lang/invoke/LambdaForm$DMH+0x000002a181f89000'
Event: 27.263 Thread 0x000002a1f2f20740 Unloading class 0x000002a181f88c00 'java/lang/invoke/LambdaForm$DMH+0x000002a181f88c00'
Event: 27.263 Thread 0x000002a1f2f20740 Unloading class 0x000002a181f88800 'java/lang/invoke/LambdaForm$DMH+0x000002a181f88800'
Event: 27.263 Thread 0x000002a1f2f20740 Unloading class 0x000002a181f88400 'java/lang/invoke/LambdaForm$DMH+0x000002a181f88400'
Event: 27.263 Thread 0x000002a1f2f20740 Unloading class 0x000002a181f81c00 'java/lang/invoke/LambdaForm$DMH+0x000002a181f81c00'
Event: 27.263 Thread 0x000002a1f2f20740 Unloading class 0x000002a181f88000 'java/lang/invoke/LambdaForm$DMH+0x000002a181f88000'
Event: 27.263 Thread 0x000002a1f2f20740 Unloading class 0x000002a181f81400 'java/lang/invoke/LambdaForm$DMH+0x000002a181f81400'
Event: 27.263 Thread 0x000002a1f2f20740 Unloading class 0x000002a181f81000 'java/lang/invoke/LambdaForm$DMH+0x000002a181f81000'
Event: 27.263 Thread 0x000002a1f2f20740 Unloading class 0x000002a181f80c00 'java/lang/invoke/LambdaForm$DMH+0x000002a181f80c00'
Event: 27.263 Thread 0x000002a1f2f20740 Unloading class 0x000002a181f80800 'java/lang/invoke/LambdaForm$DMH+0x000002a181f80800'
Event: 27.263 Thread 0x000002a1f2f20740 Unloading class 0x000002a181f80400 'java/lang/invoke/LambdaForm$DMH+0x000002a181f80400'

Classes redefined (0 events):
No events

Internal exceptions (20 events):
Event: 24.548 Thread 0x000002a1ff5edc70 Exception <a 'java/lang/NoSuchMethodError'{0x000000071235b400}: 'long java.lang.invoke.DirectMethodHandle$Holder.invokeStatic(java.lang.Object, java.lang.Object)'> (0x000000071235b400) 
thrown [s\src\hotspot\share\interpreter\linkResolver.cpp, line 773]
Event: 24.548 Thread 0x000002a1ff5f10f0 Exception <a 'java/lang/NoSuchMethodError'{0x00000007127dd2b0}: 'long java.lang.invoke.DirectMethodHandle$Holder.invokeStatic(java.lang.Object, java.lang.Object)'> (0x00000007127dd2b0) 
thrown [s\src\hotspot\share\interpreter\linkResolver.cpp, line 773]
Event: 24.548 Thread 0x000002a1ff5f03d0 Exception <a 'java/lang/NoSuchMethodError'{0x00000007127a6bb0}: 'long java.lang.invoke.DirectMethodHandle$Holder.invokeStatic(java.lang.Object, java.lang.Object)'> (0x00000007127a6bb0) 
thrown [s\src\hotspot\share\interpreter\linkResolver.cpp, line 773]
Event: 24.548 Thread 0x000002a1ff5f2b30 Exception <a 'java/lang/NoSuchMethodError'{0x0000000712375c40}: 'long java.lang.invoke.DirectMethodHandle$Holder.invokeStatic(java.lang.Object, java.lang.Object)'> (0x0000000712375c40) 
thrown [s\src\hotspot\share\interpreter\linkResolver.cpp, line 773]
Event: 24.548 Thread 0x000002a1ff5f31c0 Exception <a 'java/lang/NoSuchMethodError'{0x0000000712379cb8}: 'long java.lang.invoke.DirectMethodHandle$Holder.invokeStaticInit(java.lang.Object, java.lang.Object)'> (0x0000000712379cb8) 
thrown [s\src\hotspot\share\interpreter\linkResolver.cpp, line 773]
Event: 24.548 Thread 0x000002a1ff5f10f0 Exception <a 'java/lang/NoSuchMethodError'{0x00000007127e0600}: 'long java.lang.invoke.DirectMethodHandle$Holder.invokeStaticInit(java.lang.Object, java.lang.Object)'> (0x00000007127e0600) 
thrown [s\src\hotspot\share\interpreter\linkResolver.cpp, line 773]
Event: 24.548 Thread 0x000002a1ff5f3ee0 Exception <a 'java/lang/NoSuchMethodError'{0x00000007122d5d38}: 'long java.lang.invoke.DirectMethodHandle$Holder.invokeStaticInit(java.lang.Object, java.lang.Object)'> (0x00000007122d5d38) 
thrown [s\src\hotspot\share\interpreter\linkResolver.cpp, line 773]
Event: 24.548 Thread 0x000002a1ff5f0a60 Exception <a 'java/lang/NoSuchMethodError'{0x0000000712387138}: 'long java.lang.invoke.DirectMethodHandle$Holder.invokeStaticInit(java.lang.Object, java.lang.Object)'> (0x0000000712387138) 
thrown [s\src\hotspot\share\interpreter\linkResolver.cpp, line 773]
Event: 24.549 Thread 0x000002a1ff5efd40 Exception <a 'java/lang/NoSuchMethodError'{0x0000000712383d58}: 'long java.lang.invoke.DirectMethodHandle$Holder.invokeStaticInit(java.lang.Object, java.lang.Object)'> (0x0000000712383d58) 
thrown [s\src\hotspot\share\interpreter\linkResolver.cpp, line 773]
Event: 24.549 Thread 0x000002a1ff5edc70 Exception <a 'java/lang/NoSuchMethodError'{0x000000071237ee88}: 'long java.lang.invoke.DirectMethodHandle$Holder.invokeStaticInit(java.lang.Object, java.lang.Object)'> (0x000000071237ee88) 
thrown [s\src\hotspot\share\interpreter\linkResolver.cpp, line 773]
Event: 24.549 Thread 0x000002a1ff5f2b30 Exception <a 'java/lang/NoSuchMethodError'{0x000000071238e530}: 'long java.lang.invoke.DirectMethodHandle$Holder.invokeStaticInit(java.lang.Object, java.lang.Object)'> (0x000000071238e530) 
thrown [s\src\hotspot\share\interpreter\linkResolver.cpp, line 773]
Event: 24.549 Thread 0x000002a1ff5f03d0 Exception <a 'java/lang/NoSuchMethodError'{0x0000000712392670}: 'long java.lang.invoke.DirectMethodHandle$Holder.invokeStaticInit(java.lang.Object, java.lang.Object)'> (0x0000000712392670) 
thrown [s\src\hotspot\share\interpreter\linkResolver.cpp, line 773]
Event: 24.554 Thread 0x000002a1f9b8e150 Exception <a 'java/lang/IncompatibleClassChangeError'{0x000000070ca2df98}: Found class java.lang.Object, but interface was expected> (0x000000070ca2df98) 
thrown [s\src\hotspot\share\interpreter\linkResolver.cpp, line 840]
Event: 24.614 Thread 0x000002a1ff5f03d0 Implicit null exception at 0x000002a1e442a2c0 to 0x000002a1e442a328
Event: 24.614 Thread 0x000002a1ff5edc70 Implicit null exception at 0x000002a1e442a2c0 to 0x000002a1e442a328
Event: 24.993 Thread 0x000002a1f9b8e150 Exception <a 'java/lang/NoSuchMethodError'{0x0000000712312b58}: 'java.lang.Object java.lang.invoke.DirectMethodHandle$Holder.invokeSpecial(java.lang.Object, java.lang.Object, int, java.lang.Object, java.lang.Object, java.lang.Object)'> (0x0000000712312b58) 
thrown [s\src\hotspot\share\interpreter\linkResolver.cpp, line 773]
Event: 24.997 Thread 0x000002a1f9b8e150 Exception <a 'java/lang/NoSuchMethodError'{0x0000000712319fc8}: 'java.lang.Object java.lang.invoke.DirectMethodHandle$Holder.newInvokeSpecial(java.lang.Object, java.lang.Object, int, java.lang.Object)'> (0x0000000712319fc8) 
thrown [s\src\hotspot\share\interpreter\linkResolver.cpp, line 773]
Event: 24.997 Thread 0x000002a1f9b8e150 Exception <a 'java/lang/NoSuchMethodError'{0x000000071231dd88}: 'java.lang.Object java.lang.invoke.DirectMethodHandle$Holder.invokeSpecial(java.lang.Object, java.lang.Object, java.lang.Object, int, java.lang.Object)'> (0x000000071231dd88) 
thrown [s\src\hotspot\share\interpreter\linkResolver.cpp, line 773]
Event: 24.998 Thread 0x000002a1f9b8e150 Exception <a 'java/lang/NoSuchMethodError'{0x0000000712321758}: 'java.lang.Object java.lang.invoke.Invokers$Holder.linkToTargetMethod(java.lang.Object, int, java.lang.Object, java.lang.Object)'> (0x0000000712321758) 
thrown [s\src\hotspot\share\interpreter\linkResolver.cpp, line 773]
Event: 25.485 Thread 0x000002a1f9b922f0 Exception <a 'java/lang/NoSuchMethodError'{0x000000070db89970}: 'java.lang.Object java.lang.invoke.DirectMethodHandle$Holder.invokeStaticInit(java.lang.Object, java.lang.Object, java.lang.Object, java.lang.Object, java.lang.Object)'> (0x000000070db89970) 
thrown [s\src\hotspot\share\interpreter\linkResolver.cpp, line 773]

ZGC Phase Switch (0 events):
No events

VM Operations (20 events):
Event: 25.156 Executing safepoint VM operation: G1CollectForAllocation (GCLocker Initiated GC) done
Event: 25.230 Executing safepoint VM operation: G1PauseCleanup
Event: 25.231 Executing safepoint VM operation: G1PauseCleanup done
Event: 25.330 Executing safepoint VM operation: G1CollectForAllocation (G1 Evacuation Pause)
Event: 25.357 Executing safepoint VM operation: G1CollectForAllocation (G1 Evacuation Pause) done
Event: 25.511 Executing safepoint VM operation: G1CollectForAllocation (G1 Evacuation Pause)
Event: 25.543 Executing safepoint VM operation: G1CollectForAllocation (G1 Evacuation Pause) done
Event: 26.157 Executing safepoint VM operation: G1CollectForAllocation (G1 Evacuation Pause)
Event: 26.206 Executing safepoint VM operation: G1CollectForAllocation (G1 Evacuation Pause) done
Event: 26.403 Executing safepoint VM operation: G1CollectForAllocation (G1 Evacuation Pause)
Event: 26.470 Executing safepoint VM operation: G1CollectForAllocation (G1 Evacuation Pause) done
Event: 26.787 Executing safepoint VM operation: G1CollectForAllocation (G1 Evacuation Pause)
Event: 26.828 Executing safepoint VM operation: G1CollectForAllocation (G1 Evacuation Pause) done
Event: 27.262 Executing safepoint VM operation: G1PauseRemark
Event: 27.273 Executing safepoint VM operation: G1PauseRemark done
Event: 27.498 Executing safepoint VM operation: G1PauseCleanup
Event: 27.519 Executing safepoint VM operation: G1PauseCleanup done
Event: 27.543 Executing safepoint VM operation: G1CollectForAllocation (G1 Evacuation Pause)
Event: 27.608 Executing safepoint VM operation: G1CollectForAllocation (G1 Evacuation Pause) done
Event: 28.022 Executing safepoint VM operation: G1CollectForAllocation (G1 Evacuation Pause)

Memory protections (0 events):
No events

Nmethod flushes (20 events):
Event: 27.272 Thread 0x000002a1f2f20740 flushing  nmethod 0x000002a1dcb86c10
Event: 27.272 Thread 0x000002a1f2f20740 flushing  nmethod 0x000002a1dcc45890
Event: 27.272 Thread 0x000002a1f2f20740 flushing  nmethod 0x000002a1dcc70110
Event: 27.272 Thread 0x000002a1f2f20740 flushing  nmethod 0x000002a1dcc71410
Event: 27.272 Thread 0x000002a1f2f20740 flushing  nmethod 0x000002a1dce8a990
Event: 27.272 Thread 0x000002a1f2f20740 flushing  nmethod 0x000002a1dd026090
Event: 27.272 Thread 0x000002a1f2f20740 flushing  nmethod 0x000002a1dd16ae10
Event: 27.272 Thread 0x000002a1f2f20740 flushing  nmethod 0x000002a1dd22b110
Event: 27.272 Thread 0x000002a1f2f20740 flushing  nmethod 0x000002a1dd3dc190
Event: 27.272 Thread 0x000002a1f2f20740 flushing  nmethod 0x000002a1dd419e90
Event: 27.272 Thread 0x000002a1f2f20740 flushing  nmethod 0x000002a1dd41a490
Event: 27.272 Thread 0x000002a1f2f20740 flushing  nmethod 0x000002a1dd486110
Event: 27.272 Thread 0x000002a1f2f20740 flushing  nmethod 0x000002a1dd775f10
Event: 27.272 Thread 0x000002a1f2f20740 flushing  nmethod 0x000002a1dd810910
Event: 27.272 Thread 0x000002a1f2f20740 flushing  nmethod 0x000002a1dd811090
Event: 27.272 Thread 0x000002a1f2f20740 flushing  nmethod 0x000002a1dd957f10
Event: 27.272 Thread 0x000002a1f2f20740 flushing  nmethod 0x000002a1dd958810
Event: 27.272 Thread 0x000002a1f2f20740 flushing  nmethod 0x000002a1dd960090
Event: 27.272 Thread 0x000002a1f2f20740 flushing  nmethod 0x000002a1dd9cba10
Event: 27.272 Thread 0x000002a1f2f20740 flushing  nmethod 0x000002a1dd9d2390

Events (20 events):
Event: 22.387 Thread 0x000002a1f2f81df0 Thread added: 0x000002a1fba79210
Event: 22.521 Thread 0x000002a1fba79210 Thread exited: 0x000002a1fba79210
Event: 22.605 Thread 0x000002a1f3a90560 Thread added: 0x000002a1f9b8e150
Event: 23.362 Thread 0x000002a1fba78470 Thread exited: 0x000002a1fba78470
Event: 23.702 Thread 0x000002a1f2f81df0 Thread added: 0x000002a1ff502570
Event: 23.815 Thread 0x000002a1f3a92630 Thread added: 0x000002a1f9b922f0
Event: 23.829 Thread 0x000002a1ff502570 Thread added: 0x000002a1ff503310
Event: 24.301 Thread 0x000002a1ff503310 Thread exited: 0x000002a1ff503310
Event: 24.359 Thread 0x000002a1f9b8e150 Thread added: 0x000002a1ff5ecf50
Event: 24.359 Thread 0x000002a1f9b8e150 Thread added: 0x000002a1ff5ef020
Event: 24.377 Thread 0x000002a1ff5ef020 Thread added: 0x000002a1ff5ebba0
Event: 24.461 Thread 0x000002a1f9b922f0 Thread added: 0x000002a1ff5f10f0
Event: 24.462 Thread 0x000002a1f9b922f0 Thread added: 0x000002a1ff5f0a60
Event: 24.462 Thread 0x000002a1ff5f0a60 Thread added: 0x000002a1ff5f03d0
Event: 24.462 Thread 0x000002a1ff5f03d0 Thread added: 0x000002a1ff5efd40
Event: 24.463 Thread 0x000002a1ff5efd40 Thread added: 0x000002a1ff5edc70
Event: 24.463 Thread 0x000002a1ff5edc70 Thread added: 0x000002a1ff5f3ee0
Event: 24.463 Thread 0x000002a1ff5f3ee0 Thread added: 0x000002a1ff5f31c0
Event: 24.463 Thread 0x000002a1ff5f31c0 Thread added: 0x000002a1ff5f2b30
Event: 24.570 Thread 0x000002a1f2f81df0 Thread added: 0x000002a1ff509270


Dynamic libraries:
0x00007ff75a640000 - 0x00007ff75a64e000 	S:\Dependency\.gradle\jdks\amazon_com_inc_-21-amd64-windows.2\bin\java.exe
0x00007ffef1020000 - 0x00007ffef1286000 	C:\Windows\SYSTEM32\ntdll.dll
0x00007ffef0a50000 - 0x00007ffef0b19000 	C:\Windows\System32\KERNEL32.DLL
0x00007ffeee240000 - 0x00007ffeee63e000 	C:\Windows\System32\KERNELBASE.dll
0x00007ffeeebf0000 - 0x00007ffeeed3c000 	C:\Windows\System32\ucrtbase.dll
0x00007ffede390000 - 0x00007ffede3ae000 	S:\Dependency\.gradle\jdks\amazon_com_inc_-21-amd64-windows.2\bin\VCRUNTIME140.dll
0x00007ffee5ab0000 - 0x00007ffee5ac8000 	S:\Dependency\.gradle\jdks\amazon_com_inc_-21-amd64-windows.2\bin\jli.dll
0x00007ffeef7c0000 - 0x00007ffeef987000 	C:\Windows\System32\USER32.dll
0x00007ffed4ff0000 - 0x00007ffed5282000 	C:\Windows\WinSxS\amd64_microsoft.windows.common-controls_6595b64144ccf1df_6.0.26100.8875_none_3e0d5d42e32fe9dd\COMCTL32.dll
0x00007ffeeebc0000 - 0x00007ffeeebe7000 	C:\Windows\System32\win32u.dll
0x00007ffef0b40000 - 0x00007ffef0be9000 	C:\Windows\System32\msvcrt.dll
0x00007ffef07e0000 - 0x00007ffef080b000 	C:\Windows\System32\GDI32.dll
0x00007ffeee7c0000 - 0x00007ffeee8ea000 	C:\Windows\System32\gdi32full.dll
0x00007ffeee650000 - 0x00007ffeee6f3000 	C:\Windows\System32\msvcp_win.dll
0x00007ffeeed50000 - 0x00007ffeeed82000 	C:\Windows\System32\IMM32.DLL
0x00007ffede930000 - 0x00007ffede93c000 	S:\Dependency\.gradle\jdks\amazon_com_inc_-21-amd64-windows.2\bin\vcruntime140_1.dll
0x00007ffedc330000 - 0x00007ffedc3b9000 	S:\Dependency\.gradle\jdks\amazon_com_inc_-21-amd64-windows.2\bin\msvcp140.dll
0x00007ffdf7be0000 - 0x00007ffdf8988000 	S:\Dependency\.gradle\jdks\amazon_com_inc_-21-amd64-windows.2\bin\server\jvm.dll
0x00007ffeef680000 - 0x00007ffeef737000 	C:\Windows\System32\ADVAPI32.dll
0x00007ffef0f30000 - 0x00007ffef0fda000 	C:\Windows\System32\sechost.dll
0x00007ffef06c0000 - 0x00007ffef07d8000 	C:\Windows\System32\RPCRT4.dll
0x00007ffef09c0000 - 0x00007ffef0a40000 	C:\Windows\System32\WS2_32.dll
0x00007ffeee0a0000 - 0x00007ffeee0fe000 	C:\Windows\SYSTEM32\POWRPROF.dll
0x00007ffed8eb0000 - 0x00007ffed8ee6000 	C:\Windows\SYSTEM32\WINMM.dll
0x00007ffedd680000 - 0x00007ffedd68b000 	C:\Windows\SYSTEM32\VERSION.dll
0x00007ffeee080000 - 0x00007ffeee094000 	C:\Windows\SYSTEM32\UMPDC.dll
0x00007ffeecf20000 - 0x00007ffeecf3b000 	C:\Windows\SYSTEM32\kernel.appcore.dll
0x00007ffede380000 - 0x00007ffede38a000 	S:\Dependency\.gradle\jdks\amazon_com_inc_-21-amd64-windows.2\bin\jimage.dll
0x00007ffeeb030000 - 0x00007ffeeb272000 	C:\Windows\SYSTEM32\DBGHELP.DLL
0x00007ffeef990000 - 0x00007ffeefd13000 	C:\Windows\System32\combase.dll
0x00007ffef05e0000 - 0x00007ffef06b9000 	C:\Windows\System32\OLEAUT32.dll
0x00007ffeca0b0000 - 0x00007ffeca0eb000 	C:\Windows\SYSTEM32\dbgcore.DLL
0x00007ffeee700000 - 0x00007ffeee7ac000 	C:\Windows\System32\bcryptPrimitives.dll
0x00007ffeead80000 - 0x00007ffeead90000 	S:\Dependency\.gradle\jdks\amazon_com_inc_-21-amd64-windows.2\bin\instrument.dll
0x00007ffed7e50000 - 0x00007ffed7e71000 	S:\Dependency\.gradle\jdks\amazon_com_inc_-21-amd64-windows.2\bin\java.dll
0x00007ffeefd20000 - 0x00007ffef04b2000 	C:\Windows\System32\SHELL32.dll
0x00007ffeebd00000 - 0x00007ffeec592000 	C:\Windows\SYSTEM32\windows.storage.dll
0x00007ffef04e0000 - 0x00007ffef05d7000 	C:\Windows\System32\SHCORE.dll
0x00007ffeef510000 - 0x00007ffeef577000 	C:\Windows\System32\shlwapi.dll
0x00007ffeee160000 - 0x00007ffeee189000 	C:\Windows\SYSTEM32\profapi.dll
0x00007ffe8cd00000 - 0x00007ffe8cdd7000 	S:\Dependency\.gradle\jdks\amazon_com_inc_-21-amd64-windows.2\bin\jsvml.dll
0x00007ffed7e30000 - 0x00007ffed7e48000 	S:\Dependency\.gradle\jdks\amazon_com_inc_-21-amd64-windows.2\bin\zip.dll
0x00007ffed7e10000 - 0x00007ffed7e21000 	S:\Dependency\.gradle\jdks\amazon_com_inc_-21-amd64-windows.2\bin\net.dll
0x00007ffee0a60000 - 0x00007ffee0b87000 	C:\Windows\SYSTEM32\WINHTTP.dll
0x00007ffeed4d0000 - 0x00007ffeed53c000 	C:\Windows\system32\mswsock.dll
0x00007ffed7df0000 - 0x00007ffed7e06000 	S:\Dependency\.gradle\jdks\amazon_com_inc_-21-amd64-windows.2\bin\nio.dll
0x00007ffedde60000 - 0x00007ffedde70000 	S:\Dependency\.gradle\jdks\amazon_com_inc_-21-amd64-windows.2\bin\verify.dll
0x00007ffe615b0000 - 0x00007ffe615d7000 	S:\Dependency\.gradle\native\1def1411415f61bf3af743bc5b6707747c0891f09f0c88961ee8f79bc544acac\windows-amd64\native-platform.dll
0x00007ffede3e0000 - 0x00007ffede457000 	S:\Dependency\.gradle\native\0.2.8\x86_64-windows-gnu\gradle-fileevents.dll
0x00007ffedc8d0000 - 0x00007ffedc8da000 	S:\Dependency\.gradle\jdks\amazon_com_inc_-21-amd64-windows.2\bin\management.dll
0x00007ffedc810000 - 0x00007ffedc81c000 	S:\Dependency\.gradle\jdks\amazon_com_inc_-21-amd64-windows.2\bin\management_ext.dll
0x00007ffef0b30000 - 0x00007ffef0b38000 	C:\Windows\System32\PSAPI.DLL
0x00007ffeeca40000 - 0x00007ffeeca73000 	C:\Windows\SYSTEM32\IPHLPAPI.DLL
0x00007ffef0980000 - 0x00007ffef098a000 	C:\Windows\System32\NSI.dll
0x00007ffedc780000 - 0x00007ffedc789000 	S:\Dependency\.gradle\jdks\amazon_com_inc_-21-amd64-windows.2\bin\extnet.dll
0x00007ffeed7d0000 - 0x00007ffeed7eb000 	C:\Windows\SYSTEM32\CRYPTSP.dll
0x00007ffeece80000 - 0x00007ffeeceb9000 	C:\Windows\system32\rsaenh.dll
0x00007ffeed590000 - 0x00007ffeed5c2000 	C:\Windows\SYSTEM32\USERENV.dll
0x00007ffeee130000 - 0x00007ffeee15a000 	C:\Windows\SYSTEM32\bcrypt.dll
0x00007ffeed7f0000 - 0x00007ffeed7fc000 	C:\Windows\SYSTEM32\CRYPTBASE.dll
0x00007ffeead70000 - 0x00007ffeead7e000 	S:\Dependency\.gradle\jdks\amazon_com_inc_-21-amd64-windows.2\bin\sunmscapi.dll
0x00007ffeee9b0000 - 0x00007ffeeeb28000 	C:\Windows\System32\CRYPT32.dll
0x00007ffeeda10000 - 0x00007ffeeda40000 	C:\Windows\SYSTEM32\ncrypt.dll
0x00007ffeed9c0000 - 0x00007ffeed9ff000 	C:\Windows\SYSTEM32\NTASN1.dll
0x00007ffec6830000 - 0x00007ffec6838000 	C:\Windows\system32\wshunix.dll

JVMTI agents:
S:\Dependency\.gradle\wrapper\dists\gradle-9.1.0-bin\9agqghryom9wkf8r80qlhnts3\gradle-9.1.0\lib\agents\gradle-instrumentation-agent-9.1.0.jar path:S:\Dependency\.gradle\jdks\amazon_com_inc_-21-amd64-windows.2\bin\instrument.dll, loaded, initialized, instrumentlib options:none

dbghelp: loaded successfully - version: 4.0.5 - missing functions: none
symbol engine: initialized successfully - sym options: 0x614 - pdb path: .;S:\Dependency\.gradle\jdks\amazon_com_inc_-21-amd64-windows.2\bin;C:\Windows\SYSTEM32;C:\Windows\WinSxS\amd64_microsoft.windows.common-controls_6595b64144ccf1df_6.0.26100.8875_none_3e0d5d42e32fe9dd;S:\Dependency\.gradle\jdks\amazon_com_inc_-21-amd64-windows.2\bin\server;S:\Dependency\.gradle\native\1def1411415f61bf3af743bc5b6707747c0891f09f0c88961ee8f79bc544acac\windows-amd64;S:\Dependency\.gradle\native\0.2.8\x86_64-windows-gnu

VM Arguments:
jvm_args: --add-opens=java.base/java.lang=ALL-UNNAMED --add-opens=java.base/java.lang.invoke=ALL-UNNAMED --add-opens=java.base/java.util=ALL-UNNAMED --add-opens=java.prefs/java.util.prefs=ALL-UNNAMED --add-exports=jdk.compiler/com.sun.tools.javac.api=ALL-UNNAMED --add-exports=jdk.compiler/com.sun.tools.javac.util=ALL-UNNAMED --add-opens=java.base/java.util=ALL-UNNAMED --add-opens=java.prefs/java.util.prefs=ALL-UNNAMED --add-opens=java.base/java.nio.charset=ALL-UNNAMED --add-opens=java.base/java.net=ALL-UNNAMED --add-opens=java.base/java.util.concurrent=ALL-UNNAMED --add-opens=java.base/java.util.concurrent.atomic=ALL-UNNAMED --add-opens=java.xml/javax.xml.namespace=ALL-UNNAMED --add-opens=java.base/java.time=ALL-UNNAMED -Xmx4096M -Dfile.encoding=UTF-8 -Duser.country=IN -Duser.language=en -Duser.variant -javaagent:S:\Dependency\.gradle\wrapper\dists\gradle-9.1.0-bin\9agqghryom9wkf8r80qlhnts3\gradle-9.1.0\lib\agents\gradle-instrumentation-agent-9.1.0.jar 
java_command: org.gradle.launcher.daemon.bootstrap.GradleDaemon 9.1.0
java_class_path (initial): S:\Dependency\.gradle\wrapper\dists\gradle-9.1.0-bin\9agqghryom9wkf8r80qlhnts3\gradle-9.1.0\lib\gradle-daemon-main-9.1.0.jar
Launcher Type: SUN_STANDARD

[Global flags]
     intx CICompilerCount                          = 4                                         {product} {ergonomic}
     uint ConcGCThreads                            = 2                                         {product} {ergonomic}
     uint G1ConcRefinementThreads                  = 8                                         {product} {ergonomic}
   size_t G1HeapRegionSize                         = 2097152                                   {product} {ergonomic}
    uintx GCDrainStackTargetSize                   = 64                                        {product} {ergonomic}
   size_t InitialHeapSize                          = 400556032                                 {product} {ergonomic}
   size_t MarkStackSize                            = 4194304                                   {product} {ergonomic}
   size_t MaxHeapSize                              = 4294967296                                {product} {command line}
   size_t MaxNewSize                               = 2575302656                                {product} {ergonomic}
   size_t MinHeapDeltaBytes                        = 2097152                                   {product} {ergonomic}
   size_t MinHeapSize                              = 8388608                                   {product} {ergonomic}
    uintx NonNMethodCodeHeapSize                   = 5839372                                {pd product} {ergonomic}
    uintx NonProfiledCodeHeapSize                  = 122909434                              {pd product} {ergonomic}
    uintx ProfiledCodeHeapSize                     = 122909434                              {pd product} {ergonomic}
    uintx ReservedCodeCacheSize                    = 251658240                              {pd product} {ergonomic}
     bool SegmentedCodeCache                       = true                                      {product} {ergonomic}
   size_t SoftMaxHeapSize                          = 4294967296                             {manageable} {ergonomic}
     bool UseCompressedOops                        = true                           {product lp64_product} {ergonomic}
     bool UseG1GC                                  = true                                      {product} {ergonomic}
     bool UseLargePagesIndividualAllocation        = false                                  {pd product} {ergonomic}

Logging:
Log output configuration:
 #0: stdout all=warning uptime,level,tags foldmultilines=false
 #1: stderr all=off uptime,level,tags foldmultilines=false

Release file:
IMPLEMENTOR="Amazon.com Inc." 
IMPLEMENTOR_VERSION="Corretto-21.0.11.10.1" 
JAVA_RUNTIME_VERSION="21.0.11+10-LTS" 
JAVA_VERSION="21.0.11" 
JAVA_VERSION_DATE="2026-04-21" 
LIBC="default" 
MODULES="java.base java.compiler java.datatransfer java.xml java.prefs java.desktop java.instrument java.logging java.management java.security.sasl java.naming java.rmi java.management.rmi java.net.http java.scripting java.security.jgss java.transaction.xa java.sql java.sql.rowset java.xml.crypto java.se java.smartcardio jdk.accessibility jdk.internal.jvmstat jdk.attach jdk.charsets jdk.internal.opt jdk.zipfs jdk.compiler jdk.crypto.ec jdk.crypto.cryptoki jdk.crypto.mscapi jdk.dynalink jdk.internal.ed jdk.editpad jdk.hotspot.agent jdk.httpserver jdk.incubator.vector jdk.internal.le jdk.internal.vm.ci jdk.internal.vm.compiler jdk.internal.vm.compiler.management jdk.jartool jdk.javadoc jdk.jcmd jdk.management jdk.management.agent jdk.jconsole jdk.jdeps jdk.jdwp.agent jdk.jdi jdk.jfr jdk.jlink jdk.jpackage jdk.jshell jdk.jsobject jdk.jstatd jdk.localedata jdk.management.jfr jdk.naming.dns jdk.naming.rmi jdk.net jdk.nio.mapmode jdk.random jdk.sctp jdk.security.auth jdk.security.jgss jdk.unsupported jdk.unsupported.desktop jdk.xml.dom" 
OS_ARCH="x86_64" 
OS_NAME="Windows" 
SOURCE="" 

Environment Variables:
JAVA_HOME=C:\Program Files\Java\jdk-21
PATH=C:\oraclexe\app\oracle\product\11.2.0\server\bin;;C:\Program Files\Common Files\Oracle\Java\javapath;C:\Program Files (x86)\Common Files\Oracle\Java\java8path;C:\Program Files (x86)\Common Files\Oracle\Java\javapath;C:\Windows\system32;C:\Windows;C:\Windows\System32\Wbem;C:\Windows\System32\WindowsPowerShell\v1.0\;C:\Windows\System32\OpenSSH\;C:\Program Files\dotnet\;C:\Program Files\NVIDIA Corporation\NVIDIA App\NvDLISR;C:\Program Files (x86)\NVIDIA Corporation\PhysX\Common;C:\Program Files\Git\cmd;C:\ProgramData\chocolatey\bin;C:\Program Files\nodejs\;S:\Software\Git LFS;C:\Program Files\Go\bin;S:\Software\Sunshine;S:\Software\Sunshine\tools;C:\Program Files\GitHub CLI\;C:\Program Files\playit_gg\bin\;C:\ProgramData\AndroidCLI;C:\Users\gopik\AppData\Local\agy\bin;C:\Users\gopik\.cargo\bin;C:\Users\gopik\AppData\Local\Programs\Python\Python314\Scripts\;C:\Users\gopik\AppData\Local\Programs\Python\Python314\;C:\Users\gopik\AppData\Local\Programs\Python\Python313\Scripts\;C:\Users\gopik\AppData\Local\Programs\Python\Python313\;C:\Users\gopik\scoop\shims;C:\Program Files\Common Files\Oracle\Java\javapath;C:\Program Files (x86)\Common Files\Oracle\Java\java8path;C:\Program Files (x86)\Common Files\Oracle\Java\javapath;C:\Windows\system32;C:\Windows;C:\Windows\System32\Wbem;C:\Windows\System32\WindowsPowerShell\v1.0\;C:\Windows\System32\OpenSSH\;C:\Program Files\dotnet\;C:\Program Files\NVIDIA Corporation\NVIDIA App\NvDLISR;C:\Program Files (x86)\NVIDIA Corporation\PhysX\Common;C:\Program Files\Git\cmd;S:\Software\Node\;C:\Program Files\Common Files\Oracle\Java\javapath;C:\Program Files (x86)\Common Files\Oracle\Java\java8path;C:\Program Files (x86)\Common Files\Oracle\Java\javapath;C:\Windows\system32;C:\Windows;C:\Windows\System32\Wbem;C:\Windows\System32\WindowsPowerShell\v1.0\;C:\Windows\System32\OpenSSH\;C:\Program Files\dotnet\;C:\Program Files\NVIDIA Corporation\NVIDIA App\NvDLISR;C:\Program Files (x86)\NVIDIA Corporation\PhysX\Common;C:\Program Files\Git\cmd;S:\Software\Node\;S:\Software\Android\platform-tools;S:\Software\Android\cmdline-tools\latest\bin;S:\Software\flutter\bin;C:\Windows\system32;C:\Windows;C:\Windows\System32\Wbem;C:\Windows\System32\WindowsPowerShell\v1.0\;S:\Software\Microsoft VS Code\bin;C:\Users\gopik\AppData\Local\Programs\Python\Python313;C:\Users\gopik\AppData\Local\Programs\Python\Python313\Scripts;C:\Users\gopik\AppData\Roaming\npm;S:\Software\syncthing-windows-amd64-v1.29.6\syncthing-windows-amd64-v1.29.6;C:\Users\gopik\go\bin;C:\Users\gopik\go\bin;s:\Web Projects\PokéSplash\pokesplash.exe;s:\Web Projects\PokéSplash;C:\Users\gopik\AppData\Local\Microsoft\WindowsApps;S:\Software\Visual Studio\VC\Redist\MSVC\14.44.34433\x64\Microsoft.VC144.CRT;C:\Users\gopik\AppData\Local\GitHubDesktop\bin;C:\Users\gopik\AppData\Roaming\npm;C:\Users\gopik\AppData\Local\PowerToys\DSCModules\;C:\Users\gopik\AppData\AndroidCLI; C:\Users\gopik\.local\bin;C:\Users\gopik\AppData\Local\usbtree\bin
USERNAME=gopik
OS=Windows_NT
PROCESSOR_IDENTIFIER=Intel64 Family 6 Model 165 Stepping 2, GenuineIntel
TMP=C:\Users\gopik\AppData\Local\Temp
TEMP=C:\Users\gopik\AppData\Local\Temp




Periodic native trim disabled

---------------  S Y S T E M  ---------------

OS:
 Windows 11 , 64 bit Build 26100 (10.0.26100.8875)
OS uptime: 0 days 1:04 hours

CPU: total 8 (initial active 8) (4 cores per cpu, 2 threads per core) family 6 model 165 stepping 2 microcode 0xe0, cx8, cmov, fxsr, ht, mmx, 3dnowpref, sse, sse2, sse3, ssse3, sse4.1, sse4.2, popcnt, lzcnt, tsc, tscinvbit, avx, avx2, aes, erms, clmul, bmi1, bmi2, adx, fma, vzeroupper, clflush, clflushopt, rdtscp, f16c, pku
Processor Information for the first 8 processors :
  Max Mhz: 2496, Current Mhz: 2496, Mhz Limit: 2496

Memory: 4k page, system-wide physical 24363M (4678M free)
TotalPageFile size 24363M (AvailPageFile size 983M)
current process WorkingSet (physical memory assigned to process): 915M, peak: 918M
current process commit charge ("private bytes"): 958M, peak: 2062M

vm_info: OpenJDK 64-Bit Server VM (21.0.11+10-LTS) for windows-amd64 JRE (21.0.11+10-LTS), built on 2026-04-18T07:30:30Z by "Administrator" with MS VC++ 17.14 (VS2022)

END.
